wikidata_id,museum_name,city,website
http://www.wikidata.org/entity/Q98893882,Zilvermuseum Doesburg,Doesburg,https://zilvermuseumdoesburg.nl/
http://www.wikidata.org/entity/Q110282060,Jan Adam Zandleven Museum,,https://zandleven.nl/
http://www.wikidata.org/entity/Q109205757,Nederlands Zuivelmuseum,Heerde,https://www.zuivelmuseum.nl
http://www.wikidata.org/entity/Q2335767,Zijper Oudheidskamer,Schagen,https://www.zijpermuseum.nl/
http://www.wikidata.org/entity/Q2153365,Zeeuws Museum,Middelburg,https://www.zeeuwsmuseum.nl/nl
http://www.wikidata.org/entity/Q2153365,Zeeuws Museum,Middelburg,https://www.zeeuwsmuseum.nl/en
http://www.wikidata.org/entity/Q1121835,Ir.D.F. Woudagemaal,De Friese Meren,https://www.woudagemaal.nl/
http://www.wikidata.org/entity/Q1943968,Wilhelmietenmuseum,Woensdrecht,https://www.wilhelmietenmuseum.nl/
http://www.wikidata.org/entity/Q23437720,Museum Wierdenland,Winsum,https://www.wierdenland.nl/
http://www.wikidata.org/entity/Q51959637,Drinkwatermuseum,Heemstede,https://www.waternet.nl/ons-water/leren-over-water/drinkwatermuseum/
http://www.wikidata.org/entity/Q110995995,Historische Tuinderij 'de lentse warmoezenier',,https://www.warmoes-lent.nl/
http://www.wikidata.org/entity/Q2036123,Vrijmetselarij Museum,Den Haag,https://www.vrijmetselarijmuseum.nl/
http://www.wikidata.org/entity/Q99622726,Drenkelingenhuisje,Vlieland,https://www.vliehors-expres.nl/reddinghuisje/
http://www.wikidata.org/entity/Q16144508,Vlasmuseum 't Vlasschuurken,Terneuzen,https://www.vlasmuseum.nl
http://www.wikidata.org/entity/Q123458699,Viking Informatiecentrum,Hollands Kroon,https://www.vikingen.nl/pg-28219-7-84399/pagina/welkom.html
http://www.wikidata.org/entity/Q1939296,Nederlands Vestingmuseum,Gooise Meren,https://www.vestingmuseum.nl/
http://www.wikidata.org/entity/Q1939296,Nederlands Vestingmuseum,Naarden,https://www.vestingmuseum.nl/
http://www.wikidata.org/entity/Q7921517,Vermeer Centrum Delft,Delft,https://www.vermeerdelft.nl/nl/
http://www.wikidata.org/entity/Q114867292,Museum Borg Verhildersum,,https://www.verhildersum.nl/
http://www.wikidata.org/entity/Q110996024,Stichting Exploitatie Het Museum in het Hart van Winterswijk,,https://www.vereniginghetmuseum.nl/
http://www.wikidata.org/entity/Q2121036,Hansenhof,Venlo,https://www.veldense-volkscultuur.nl/museum-hansenhof
http://www.wikidata.org/entity/Q2491328,Veenkoloniaal Museum,Veendam,https://www.veenkoloniaalmuseum.nl
http://www.wikidata.org/entity/Q15883459,Van Gogh Village Museum,"Nuenen, Gerwen en Nederwetten",https://www.vangoghvillagenuenen.nl
http://www.wikidata.org/entity/Q1994770,Museum van Bommel van Dam,Venlo,https://www.vanbommelvandam.nl/
http://www.wikidata.org/entity/Q98893896,Museum voor Anatomie en Pathologie,Nijmegen,https://www.umcn.nl/museum
http://www.wikidata.org/entity/Q2153292,Science Centre Delft,Delft,https://www.tudelft.nl/sciencecentre/
http://www.wikidata.org/entity/Q2689996,TU Delft Hortus Botanicus,Delft,https://www.tudelft.nl/hortus-botanicus/
http://www.wikidata.org/entity/Q2663362,Museum it Tsiispakhûs,Littenseradiel,https://www.tsiispakhus.nl/
http://www.wikidata.org/entity/Q2267622,Tresoar,Leeuwarden,https://www.tresoar.nl/
http://www.wikidata.org/entity/Q7708470,Textile Research Centre,Leiden,https://www.trc-leiden.nl/
http://www.wikidata.org/entity/Q2383603,Nederlands Uitvaart Museum Tot Zover,Amsterdam,https://www.totzover.nl/
http://www.wikidata.org/entity/Q2640806,Museum Tongerlohuys,Roosendaal,https://www.tongerlohuys.nl/
http://www.wikidata.org/entity/Q153193,Thermenmuseum,Heerlen,https://www.thermenmuseum.nl/
http://www.wikidata.org/entity/Q111154596,Theo Thijssen Museum,Amsterdam,https://www.theothijssenmuseum.nl/
http://www.wikidata.org/entity/Q113947640,The Upside Down Amsterdam,Amsterdam,https://www.the-upsidedown.com/
http://www.wikidata.org/entity/Q2885637,Tabaks Historisch Museum,Delft,https://www.tabaksmuseum.nl/
http://www.wikidata.org/entity/Q56460618,Streekmuseum Krimpenerwaard,Krimpen aan den IJssel,https://www.streekmuseumkrimpenerwaard.nl/
http://www.wikidata.org/entity/Q110906661,Streekmuseum Etten+Leur,,https://www.streekmuseumettenleur.nl/
http://www.wikidata.org/entity/Q2351733,Stoom Stichting Nederland,Rotterdam,https://www.stoomstichting.nl/
http://www.wikidata.org/entity/Q99346033,Museum De Tuut,West Maas en Waal,https://www.stoomgemaaldetuut.nl/
http://www.wikidata.org/entity/Q110282072,RoMeO,,https://www.stichtingromeo.nl/
http://www.wikidata.org/entity/Q20612836,Oudheidkamer Bolsward,Bolsward,https://www.stichtingbolswardshistorie.nl/
http://www.wikidata.org/entity/Q2445274,Steenkolenmijn Valkenburg,Valkenburg aan de Geul,https://www.steenkolenmijn.nl/nl/
http://www.wikidata.org/entity/Q924335,Stedelijk Museum Amsterdam,Amsterdam,https://www.stedelijk.nl/
http://www.wikidata.org/entity/Q98893890,Stadsmuseum Groenlo,Oost Gelre,https://www.stadsmuseumgroenlo.nl/
http://www.wikidata.org/entity/Q110995941,Stadsmuseum Hellevoetsluis,,https://www.stadsmuseum-hellevoetsluis.nl/
http://www.wikidata.org/entity/Q1875967,Het Bolwerk,Sluis,https://www.staatsspaanselinies.eu/nl/museabezoekerscentra/museum-het-bolwerk.htm
http://www.wikidata.org/entity/Q110995944,Vereniging Het Spinozahuis,,https://www.spinozahuis.nl/
http://www.wikidata.org/entity/Q124478103,"Spelebos",Best,https://www.spelebos.nl/
http://www.wikidata.org/entity/Q603892,Space Expo,Noordwijk,https://www.space-expo.nl/
http://www.wikidata.org/entity/Q110995942,World Seed Experience,,https://www.sowtogrow.nl/
http://www.wikidata.org/entity/Q111950415,Smokkelmuseum Cranendonck,,https://www.smokkelmuseumcranendonck.nl/
http://www.wikidata.org/entity/Q4434463,Gelders Smalspoormuseum,Gelderland,https://www.smalspoor.nl/
http://www.wikidata.org/entity/Q110995927,Stichting Goudse Sint-Jan,,https://www.sintjan.com/
http://www.wikidata.org/entity/Q1662109,SieboldHuis,Leiden,https://www.sieboldhuis.org/en/
http://www.wikidata.org/entity/Q2740987,Limburgs Schutterij Museum,Venlo,https://www.schutterijmuseum.nl/
http://www.wikidata.org/entity/Q3909572,Museum de Schilpen,Midden-Delfland,https://www.schilpen.nl/
http://www.wikidata.org/entity/Q110995942,World Seed Experience,,https://www.saetencruyt.nl/
http://www.wikidata.org/entity/Q13137710,Ruurd Wiersma Museum,Noardeast-Fryslân,https://www.ruurdwiersma.nl/
http://www.wikidata.org/entity/Q1967608,Universiteitsmuseum,Groningen,https://www.rug.nl/society-business/university-museum/
http://www.wikidata.org/entity/Q1441483,Stichting voorheen RTM,Ouddorp,https://www.rtm-ouddorp.nl/
http://www.wikidata.org/entity/Q1505892,Rijksmuseum Twenthe,Enschede,https://www.rijksmuseumtwenthe.nl/
http://www.wikidata.org/entity/Q190804,Rijksmuseum Amsterdam,Amsterdam,https://www.rijksmuseum.nl/
http://www.wikidata.org/entity/Q914231,Rietveld Schröderhuis,Utrecht,https://www.rietveldschroderhuis.nl/
http://www.wikidata.org/entity/Q277316,Rembrandthuis,Amsterdam,https://www.rembrandthuis.nl/nl/
http://www.wikidata.org/entity/Q65094059,Red Light Secrets,Amsterdam,https://www.redlightsecrets.com/
http://www.wikidata.org/entity/Q1324489,Keramiekmuseum Princessehof,Leeuwarden,https://www.princessehof.nl
http://www.wikidata.org/entity/Q2198718,Poppenspe(e)lmuseum,Heerde,https://www.poppenspelmuseum.nl/
http://www.wikidata.org/entity/Q28154714,Polderhuis,Veere,https://www.polderhuiswestkapelle.nl
http://www.wikidata.org/entity/Q2694318,Nederlands Pluimveemuseum,Barneveld,https://www.pluimveemuseum.nl
http://www.wikidata.org/entity/Q56459509,Pieter Vermeulen Museum,IJmuiden,https://www.pietervermeulenmuseum.nl/
http://www.wikidata.org/entity/Q2303873,Philips Museum,Eindhoven,https://www.philips-museum.com/
http://www.wikidata.org/entity/Q19832258,Museum van Papierknipkunst,,https://www.papierknipmuseum.nl/
http://www.wikidata.org/entity/Q1056152,Paleis op de Dam,Amsterdam,https://www.paleisamsterdam.nl/
http://www.wikidata.org/entity/Q2496473,Openbaar Vervoer & Speelgoed Museum,Doesburg,https://www.ovsm-doesburg.nl
http://www.wikidata.org/entity/Q2496473,Openbaar Vervoer & Speelgoed Museum,Doesburg,https://www.ovsm-doesburg.nl
http://www.wikidata.org/entity/Q61864318,Openbaar Vervoer Collectie Nederland,,https://www.ovcn.nl
http://www.wikidata.org/entity/Q113659117,OSCAM,Amsterdam,https://www.oscam.nl/
http://www.wikidata.org/entity/Q98952031,Nationaal Monument Oranjehotel,Den Haag,https://www.oranjehotel.org/
http://www.wikidata.org/entity/Q674449,Nederlands Openluchtmuseum,Arnhem,https://www.openluchtmuseum.nl
http://www.wikidata.org/entity/Q110996011,Museum Vitality,,https://www.oorlogsmuseumvitality.nl/
http://www.wikidata.org/entity/Q2085575,Gdyniamuseum,Terneuzen,https://www.oorlogsmuseumgdynia.nl/
http://www.wikidata.org/entity/Q1823028,Oorlogsmuseum Overloon,Land van Cuijk,https://www.oorlogsmuseum.nl
http://www.wikidata.org/entity/Q111081381,Océ Museum,,https://www.ocemuseum.nl/
http://www.wikidata.org/entity/Q2201887,Observeum,Tietjerksteradeel,https://www.observeum.nl/
http://www.wikidata.org/entity/Q2369728,NZH-Vervoermuseum,Haarlem,https://www.nzh-vervoermuseum.nl/
http://www.wikidata.org/entity/Q2299923,Natuurhistorisch en Volkenkundig Museum,Halderberge,https://www.nvmoudenbosch.nl/
http://www.wikidata.org/entity/Q1781661,Legermuseum,Delft,https://www.nmm.nl
http://www.wikidata.org/entity/Q1422000,NEMO,Amsterdam,https://www.nemosciencemuseum.nl/en/
http://www.wikidata.org/entity/Q2054056,Nederlands Mijnmuseum,Heerlen,https://www.nederlandsmijnmuseum.nl/
http://www.wikidata.org/entity/Q2191118,Nederlands Fotomuseum,Rotterdam,https://www.nederlandsfotomuseum.nl
http://www.wikidata.org/entity/Q2592729,Arboretum Poort-Bulten,Losser,https://www.natuurmonumenten.nl/natuurgebieden/arboretum-poort-bulten
http://www.wikidata.org/entity/Q115786157,Nationaal Videogame Museum,Zoetermeer,https://www.nationaalvideogamemuseum.nl/
http://www.wikidata.org/entity/Q28151370,Nationaal Orgelmuseum,Elburg,https://www.nationaalorgelmuseum.nl
http://www.wikidata.org/entity/Q110995918,Nationaal Busmuseum,,https://www.nationaalbusmuseum.nl/
http://www.wikidata.org/entity/Q2575273,Nationaal Bus Museum,Hoogezand-Sappemeer,https://www.nationaalbusmuseum.nl
http://www.wikidata.org/entity/Q1960748,Nationaal Baggermuseum,Sliedrecht,https://www.nationaalbaggermuseum.nl/welcome/
http://www.wikidata.org/entity/Q15879552,Muzeeaquarium Delfzijl,Eemsdelta,https://www.muzeeaquarium.nl/
http://www.wikidata.org/entity/Q66085575,Musiom,Amersfoort,https://www.musiom.art/
http://www.wikidata.org/entity/Q98959190,Museum Kasteel Wijchen,Wijchen,https://www.museumwijchen.nl/
http://www.wikidata.org/entity/Q2361897,Museum Warsenhoeck,Nieuwegein,https://www.museumwarsenhoeck.nl
http://www.wikidata.org/entity/Q131138756,Museum Waalsdorp,Wassenaar,https://www.museumwaalsdorp.nl
http://www.wikidata.org/entity/Q2538283,Museum W,Weert,https://www.museumw.nl
http://www.wikidata.org/entity/Q2050538,Historisch Museum Vriezenveen,Vriezenveen,https://www.museumvriezenveen.nl/
http://www.wikidata.org/entity/Q110995916,Museum Vreeburg,,https://www.museumvreeburg.nl/
http://www.wikidata.org/entity/Q98893885,Museum Veluwezoom,Renkum,https://www.museumveluwezoom.nl/
http://www.wikidata.org/entity/Q56461068,Museum Veenendaal,Veenendaal,https://www.museumveenendaal.nl/
http://www.wikidata.org/entity/Q66085540,Museum van Zuilen,Utrecht,https://www.museumvanzuilen.nl/museum/
http://www.wikidata.org/entity/Q19832258,Museum van Papierknipkunst,,https://www.museumvanpapierknipkunst.nl/
http://www.wikidata.org/entity/Q134984947,Museum van Kleef,,https://www.museumvankleef.nl/
http://www.wikidata.org/entity/Q110053532,Museum van de Vrouw,,https://www.museumvandevrouw.nl/
http://www.wikidata.org/entity/Q17457800,Museum Valkenburg,Valkenburg aan de Geul,https://www.museumvalkenburg.nl
http://www.wikidata.org/entity/Q26411393,Gemeentemuseum Het Land van Thorn,Maasgouw,https://www.museumthorn.com/nl/home
http://www.wikidata.org/entity/Q17619087,"Museum ""Terug in de tijd""",Leudal,https://www.museumterugindetijd.nl/
http://www.wikidata.org/entity/Q98893862,Museum STAAL,Lochem,https://www.museumstaal.nl
http://www.wikidata.org/entity/Q1624224,Museum Speelklok,Utrecht,https://www.museumspeelklok.nl/
http://www.wikidata.org/entity/Q125566850,Museum Scheldewerf,Vlissingen,https://www.museumscheldewerf.nl/
http://www.wikidata.org/entity/Q2130225,Museum Rotterdam,Rotterdam,https://www.museumrotterdam.nl/
http://www.wikidata.org/entity/Q2004711,Victory Museum,,https://www.museumpleingrootegast.nl/victory-museum/
http://www.wikidata.org/entity/Q65393352,LEGiO-museum,,https://www.museumpleingrootegast.nl/legio-museum/
http://www.wikidata.org/entity/Q1514270,Museumpark Orientalis,Berg en Dal,https://www.museumparkorientalis.com/de
http://www.wikidata.org/entity/Q107335019,Museum of Comic Art,Noordwijk,https://www.museumofcomicart.nl/
http://www.wikidata.org/entity/Q110986324,Bevrijdingsmuseum Noord Nederland,,https://www.museumnoord.nl/
http://www.wikidata.org/entity/Q2479640,Nationaal Rijtuigmuseum,Leek,https://www.museumnienoord.nl/
http://www.wikidata.org/entity/Q23930568,Museum MORE,Lochem,https://www.museummore.nl
http://www.wikidata.org/entity/Q4989654,Kasteel Huize Ruurlo,Berkelland,https://www.museummore-kasteelruurlo.nl/
http://www.wikidata.org/entity/Q2168069,Museum Møhlmann,Appingedam,https://www.museummohlmann.nl/
http://www.wikidata.org/entity/Q20970911,Museum Maassluis,Maassluis,https://www.museummaassluis.nl/
http://www.wikidata.org/entity/Q2112422,Museum voor Religieuze Kunst,Uden,https://www.museumkrona.nl/nl/
http://www.wikidata.org/entity/Q56460901,Speelgoedmuseum Kinderwereld Roden,Roden,https://www.museumkinderwereld.nl/
http://www.wikidata.org/entity/Q2789485,Museum Kennemerland,Beverwijk,https://www.museumkennemerland.nl/
http://www.wikidata.org/entity/Q2442464,Museum Lambert van Meerten,Delft,https://www.museumhuizen.nl/en/huis-van-meerten
http://www.wikidata.org/entity/Q2201512,Museum Het Petershuis,Gennep,https://www.museumhetpetershuis.nl/
http://www.wikidata.org/entity/Q110282067,Museumhaven Zeeland,Schouwen-Duiveland,https://www.museumhavenzeeland.nl/
http://www.wikidata.org/entity/Q2320278,Verwey Museum Haarlem,Haarlem,https://www.museumhaarlem.nl
http://www.wikidata.org/entity/Q13137340,Oold Ark,Ooststellingwerf,https://www.museumenmolenmakkinga.nl/
http://www.wikidata.org/entity/Q21064115,Museum Engelandvaarders,Noordwijk,https://www.museumengelandvaarders.nl/
http://www.wikidata.org/entity/Q56459645,Museum Elburg,Elburg,https://www.museumelburg.nl
http://www.wikidata.org/entity/Q104441744,Van Doesburg-Rinsemahuis,Smallingerland,https://www.museumdrachten.nl/museumwoning-vdrh/
http://www.wikidata.org/entity/Q1863317,Museum Dokkum,Dongeradeel,https://www.museumdokkum.nl/
http://www.wikidata.org/entity/Q97762828,Museum De Dorpsdokter,Hilvarenbeek,https://www.museumdedorpsdokter.nl/
http://www.wikidata.org/entity/Q2333459,De Crypte,Gennep,https://www.museumdecrypte.nl/
http://www.wikidata.org/entity/Q1954418,Museum Buurtspoorweg,Haaksbergen,https://www.museumbuurtspoorweg.nl/
http://www.wikidata.org/entity/Q2169487,Museumbrouwerij De Roos,Hilvarenbeek,https://www.museumbrouwerij.nl/
http://www.wikidata.org/entity/Q2423105,Meierijsche Museumboerderij,Bernheze,https://www.museumboerderij.nl/
http://www.wikidata.org/entity/Q12013196,Museum Belvédère,Heerenveen,https://www.museumbelvedere.nl/
http://www.wikidata.org/entity/Q111081384,Museum Asselt,,https://www.museumasselt.nl/
http://www.wikidata.org/entity/Q2114028,Museum Arnhem,Arnhem,https://www.museumarnhem.nl/en
http://www.wikidata.org/entity/Q110995895,Cultuurhistorisch Centrum Ommen,,https://www.museum-ommen.nl/
http://www.wikidata.org/entity/Q1954331,Museon-Omniversum,Den Haag,https://www.museon-omniversum.nl/pagina/de-collectie-online
http://www.wikidata.org/entity/Q57592852,Klokkengieterijmuseum Heiligerlee,Oldambt,https://www.museaheiligerlee.nl/index.php?page=klok&sub=klokkengieterij-museum
http://www.wikidata.org/entity/Q110995910,Museum Boxtel,,https://www.muboboxtel.nl/
http://www.wikidata.org/entity/Q3389883,Mondriaanhuis,Amersfoort,https://www.mondriaanhuis.nl/de/
http://www.wikidata.org/entity/Q2763574,De Adriaan,Haarlem,https://www.molenadriaan.nl/
http://www.wikidata.org/entity/Q110995936,Stichting Molenaar's Oude Tractoren Collectie,,https://www.molenaarsoudetractoren.nl/
http://www.wikidata.org/entity/Q110062508,Mobach Keramiek Museum,,https://www.mobach-keramiek.nl/nl/museum/
http://www.wikidata.org/entity/Q2534749,"Missiemuseum, Steyl",Venlo,https://www.missiemuseum.nl
http://www.wikidata.org/entity/Q2382332,Zuid-Limburgse Stoomtrein Maatschappij,,https://www.miljoenenlijn.nl/
http://www.wikidata.org/entity/Q124477604,Memorial 40-45 Kapelle,Kapelle,https://www.memorial4045kapelle.nl/
http://www.wikidata.org/entity/Q2805178,Galerij Prins Willem V,Den Haag,https://www.mauritshuis.nl/nu-te-doen/vaste-collectie/galerij-prins-willem-v/
http://www.wikidata.org/entity/Q221092,Mauritshuis,Den Haag,https://www.mauritshuis.nl
http://www.wikidata.org/entity/Q110906694,Markiezenhof,,https://www.markiezenhof.nl/
http://www.wikidata.org/entity/Q98893894,Ateliermuseum Jac Maris,Heumen,https://www.marishuis.nl/
http://www.wikidata.org/entity/Q17402020,Marinemuseum,Den Helder,https://www.marinemuseum.nl/
http://www.wikidata.org/entity/Q18558954,Museum der Koninklijke Marechaussee,Buren,https://www.marechausseemuseum.nl
http://www.wikidata.org/entity/Q4556821,Theaterkerk Mammemahuis,Leeuwarden,https://www.mammemahuis.nl/stichting-werkgroep
http://www.wikidata.org/entity/Q115131080,Maczek Memorial Breda,Breda,https://www.maczekmemorialbreda.nl/
http://www.wikidata.org/entity/Q1456512,Louwman Museum,Den Haag,https://www.louwmanmuseum.nl/
http://www.wikidata.org/entity/Q123685435,Louis Kalff Instituut,,https://www.louiskalffinstituut.nl/
http://www.wikidata.org/entity/Q46304218,Loosduins Museum,Den Haag,https://www.loosduinsmuseum.nl/
http://www.wikidata.org/entity/Q73933179,Q73933179,Den Haag,https://www.literaturhaus-denhaag.nl/
http://www.wikidata.org/entity/Q2798268,Limburgs Museum,Venlo,https://www.limburgsmuseum.nl/
http://www.wikidata.org/entity/Q2334800,Libertum,Gouda,https://www.libertum.nl/
http://www.wikidata.org/entity/Q26158654,Leudalmuseum,Leudal,https://www.leudalmuseum.nl/
http://www.wikidata.org/entity/Q101560973,Leiderdorps Museum,,https://www.leiderdorpsmuseum.nl/
http://www.wikidata.org/entity/Q20046432,Land Art Delft,Delft,https://www.landartdelft.nl/
http://www.wikidata.org/entity/Q123438598,Kunst-Torentje,Almelo,https://www.kunsttorentje.nl/
http://www.wikidata.org/entity/Q1499958,Kunstmuseum Den Haag,Den Haag,https://www.kunstmuseum.nl
http://www.wikidata.org/entity/Q2780274,Fort bij Vijfhuizen,Haarlemmermeer,https://www.kunstfort.nl/
http://www.wikidata.org/entity/Q127610824,Museum 't Kromhout,,https://www.kromhoutmuseum.nl/
http://www.wikidata.org/entity/Q98893859,Museum Korps Rijdende Artillerie,Elburg,https://www.korpsrijdendeartillerie.nl
http://www.wikidata.org/entity/Q2447114,Kollumer Museum Mr. Andreae,Noardeast-Fryslân,https://www.kollumermuseum.nl/
http://www.wikidata.org/entity/Q110907417,Koffie- & Theemuseum ‘De Klokgevel’,,https://www.koffieverzameling.nl/stichting-de-klokgevel/
http://www.wikidata.org/entity/Q97732161,KathedraalMuseum,Haarlem,https://www.koepelkathedraal.nl/wat-is-er-te-zien/kathedraalmuseum/
http://www.wikidata.org/entity/Q2099445,Klooster Ter Apel,Westerwolde,https://www.kloosterterapel.nl
http://www.wikidata.org/entity/Q110995909,"Klompenmuseum Goor, 't Oale Ambacht",,https://www.klompenmuseumgoor.nl/
http://www.wikidata.org/entity/Q25616652,Klompenmuseum Scherjon & Fierljepmuseum,Tietjerksteradeel,https://www.klompen.frl/
http://www.wikidata.org/entity/Q28465538,Kessels Museum,Tilburg,https://www.kesselsmuseum.nl/
http://www.wikidata.org/entity/Q106977687,Keramisch Museum Goedewaagen,,https://www.keramischmuseumgoedewaagen.nl/
http://www.wikidata.org/entity/Q14943525,Keatsmuseum,Waadhoeke,https://www.keatsmuseum.frl/
http://www.wikidata.org/entity/Q110995930,Stichting Kasteel van Valkenburg,,https://www.kasteelvalkenburg.nl/
http://www.wikidata.org/entity/Q110995908,Kasteel Keukenhof,,https://www.kasteelkeukenhof.nl/
http://www.wikidata.org/entity/Q110995907,"Kasteel Hoensbroek, Historisch Goud, Gemeente Heerlen",,https://www.kasteelhoensbroek.nl/
http://www.wikidata.org/entity/Q110908866,Stichting Kasteel Heeswijk,,https://www.kasteelheeswijk.nl/
http://www.wikidata.org/entity/Q2312054,Kasteel Duivenvoorde,Voorschoten,https://www.kasteelduivenvoorde.nl/
http://www.wikidata.org/entity/Q1735318,Kasteel de Haar,Utrecht,https://www.kasteeldehaar.nl
http://www.wikidata.org/entity/Q572269,Kasteel Amerongen,Utrechtse Heuvelrug,https://www.kasteelamerongen.nl/
http://www.wikidata.org/entity/Q22246632,Herinneringscentrum Kamp Westerbork,Midden-Drenthe,https://www.kampwesterbork.nl/
http://www.wikidata.org/entity/Q19974153,Nationaal Monument Kamp Amersfoort,Leusden,https://www.kampamersfoort.nl/
http://www.wikidata.org/entity/Q120728916,Streekmuseum De Kalkovens,Hardenberg,https://www.kalkovensdedemsvaart.nl
http://www.wikidata.org/entity/Q120728916,Streekmuseum De Kalkovens,Hardenberg,https://www.kalkovensdedemsvaart.nl
http://www.wikidata.org/entity/Q110907401,Kasteelmuseum Julie Postel,,https://www.juliepostel.nl/home/kasteelmuseum-julie-postel/praktische-informatie-bezoek/
http://www.wikidata.org/entity/Q28465541,Jukeboxen Museum,Meierijstad,https://www.jukeboxen.nl/
http://www.wikidata.org/entity/Q110907453,Heemkundekring Jan Uten Houte,,https://www.janutenhoute.nl/
http://www.wikidata.org/entity/Q13135607,Vlasbewerkingsmuseum It Braakhok,Noardeast-Fryslân,https://www.itbraakhok.nl/
http://www.wikidata.org/entity/Q65028829,Indisch Herinneringscentrum,Den Haag,https://www.indischherinneringscentrum.nl/
http://www.wikidata.org/entity/Q13136222,IJstijdenmuseum,Achtkarspelen,https://www.ijstijdenmuseum.nl/
http://www.wikidata.org/entity/Q110995922,Openluchtmuseum De Duinhuisjes,,https://www.hvwv.nl/
http://www.wikidata.org/entity/Q130525732,Huys Egmont,Q9901,https://www.huysegmont.nl/
http://www.wikidata.org/entity/Q131407014,Museum Huys Auerhaen,Alkmaar,https://www.huysauerhaen.nl/
http://www.wikidata.org/entity/Q17342909,Humanity House,Den Haag,https://www.humanityhouse.org/
http://www.wikidata.org/entity/Q2754878,Huis van het Boek,Den Haag,https://www.huisvanhetboek.nl/
http://www.wikidata.org/entity/Q2425770,Huis Van Gijn,Dordrecht,https://www.huisvangijn.nl/
http://www.wikidata.org/entity/Q2193739,Huis Sonneveld,Rotterdam,https://www.huissonneveld.nl/
http://www.wikidata.org/entity/Q110281534,Museum Huis Doorn,Doorn,https://www.huisdoorn.nl/
http://www.wikidata.org/entity/Q110995905,Huis Doorn (Stichting tot Beheer van Huis Doorn),,https://www.huisdoorn.nl
http://www.wikidata.org/entity/Q83145863,Houtstad-IJlst,Súdwest-Fryslân,https://www.houtstad-ijlst.nl/
http://www.wikidata.org/entity/Q14544962,Woonbootmuseum,Amsterdam,https://www.houseboatmuseum.nl/
http://www.wikidata.org/entity/Q97323422,Honig Breethuis,Zaanstad,https://www.honigbreethuis.nl/
http://www.wikidata.org/entity/Q106464757,HomeComputerMuseum,Helmond,https://www.homecomputermuseum.nl/en%20HomeComputerMuseum
http://www.wikidata.org/entity/Q110995906,Huygensmuseum Hofwijck,,https://www.hofwijck.nl/
http://www.wikidata.org/entity/Q2021677,Hofje van Mevrouw Van Aerden,Leerdam,https://www.hofjevanaerden.nl/
http://www.wikidata.org/entity/Q110907371,Streekheemmuseum Den Aanwas,,https://www.hkk-zuidkwartier.nl/
http://www.wikidata.org/entity/Q42298583,Historisch museum,Maasdriel,https://www.historischmuseumhedel.nl/
http://www.wikidata.org/entity/Q7476442,Historisch Museum Ede,Ede,https://www.historischmuseumede.nl
http://www.wikidata.org/entity/Q2782510,Historisch Museum De Bevelanden,Goes,https://www.historischmuseumdebevelanden.nl/index.html
http://www.wikidata.org/entity/Q110995990,Goors Historisch Museum,,https://www.historischgoor.nl/
http://www.wikidata.org/entity/Q56461027,Museum Collectie Krop,Steenwijk,https://www.hildokrop.nl/
http://www.wikidata.org/entity/Q1616123,Het Scheepvaartmuseum,Amsterdam,https://www.hetscheepvaartmuseum.nl/
http://www.wikidata.org/entity/Q110995912,Museum de Heksenwaag,,https://www.heksenwaag.nl/
http://www.wikidata.org/entity/Q5690801,Heiligenbeeldenmuseum,Vorden,https://www.heiligenbeeldenmuseum.nl/
http://www.wikidata.org/entity/Q110995991,Harmoniummuseum Nederland,,https://www.harmonium-museum.nl/
http://www.wikidata.org/entity/Q2345721,Hannemahuis,Harlingen,https://www.hannemahuis.nl/
http://www.wikidata.org/entity/Q4355618,Historisch Museum Haarlemmermeer,Haarlemmermeer,https://www.haarlemmermeermuseum.nl/en/historical-museum-haarlemmermeer
http://www.wikidata.org/entity/Q11722011,Haags Historisch Museum/Rijksmuseum De Gevangenpoort,Den Haag,https://www.haagshistorischmuseum.nl/
http://www.wikidata.org/entity/Q2365901,Grenslandmuseum,Aalten,https://www.grenslandmuseum.nl
http://www.wikidata.org/entity/Q2530116,Gorcums Museum,Gorinchem,https://www.gorcumsmuseum.nl/
http://www.wikidata.org/entity/Q110995903,Het Gildenhuys,,https://www.gildenhuysblokzijl.nl/
http://www.wikidata.org/entity/Q110995898,Geert Groote Huis,,https://www.geertgrootehuis.nl/
http://www.wikidata.org/entity/Q110996033,Stichting Museum Geelvinck,,https://www.geelvinck.nl/
http://www.wikidata.org/entity/Q110995914,Museum Grenadiers en Jagers,,https://www.garderegimentgrenadiersenjagers.nl/erfgoed/museum.htm
http://www.wikidata.org/entity/Q111991807,Garage Rotterdam,Rotterdam,https://www.garagerotterdam.nl/
http://www.wikidata.org/entity/Q110995911,Museum Brigade en Garde Prinses Irene,,https://www.fuseliers.net/
http://www.wikidata.org/entity/Q20616905,Fries Verzetsmuseum,Leeuwarden,https://www.friesverzetsmuseum.nl/
http://www.wikidata.org/entity/Q848313,Fries Museum,Leeuwarden,https://www.friesmuseum.nl
http://www.wikidata.org/entity/Q2258858,Fries Film & Audio Archief,Leeuwarden,https://www.friesfilm-audioarchief.nl/
http://www.wikidata.org/entity/Q574961,Frans Hals Museum,Haarlem,https://www.franshalsmuseum.nl/nl/
http://www.wikidata.org/entity/Q110995920,Nederlands Kustverdedigingsmuseum,,https://www.forthvh.nl/
http://www.wikidata.org/entity/Q6029325,Den Hartogh Ford Museum,Hillegom,https://www.fordmuseum.nl/
http://www.wikidata.org/entity/Q3464842,Fogelsangh State,Kollumerland en Nieuwkruisland,https://www.fogelsangh-state.nl/
http://www.wikidata.org/entity/Q132654965,Flower Art Museum,Aalsmeer,https://www.flowerartmuseum.nl/
http://www.wikidata.org/entity/Q106603214,FENIX Landverhuizersmuseum,Rotterdam,https://www.fenix.nl/
http://www.wikidata.org/entity/Q18433388,Eyewitness Museum,Beek,https://www.eyewitnesswo2.nl/
http://www.wikidata.org/entity/Q1538389,Eye Filmmuseum,Amsterdam,https://www.eyefilm.nl/
http://www.wikidata.org/entity/Q76885559,Erfgoed 's-Hertogenbosch,'s-Hertogenbosch,https://www.erfgoedshertogenbosch.nl/
http://www.wikidata.org/entity/Q23993493,Erfgoedcentrum Rozet,Arnhem,https://www.erfgoedcentrumrozet.nl/
http://www.wikidata.org/entity/Q107656756,Museum EICAS,Deventer,https://www.eicas.nl/
http://www.wikidata.org/entity/Q3448774,Erfgoedcentrum Achterhoek en Liemers,Doetinchem,https://www.ecal.nu
http://www.wikidata.org/entity/Q111991805,Museum het Drostenhuis,,https://www.drostenhuisootmarsum.nl/
http://www.wikidata.org/entity/Q1888033,Drents Museum De Buitenplaats,Tynaarlo,https://www.dmdebuitenplaats.nl
http://www.wikidata.org/entity/Q110996022,Discovery Museum,Kerkrade,https://www.discoverymuseum.nl/
http://www.wikidata.org/entity/Q56461228,Museum De Wemme,Zuidwolde,https://www.dewemme.nl/
http://www.wikidata.org/entity/Q942892,Stoomtrein Goes - Borsele,Goes,https://www.destoomtrein.nl/
http://www.wikidata.org/entity/Q12012586,De Spitkeet,Harkema,https://www.despitkeet.nl/
http://www.wikidata.org/entity/Q2070831,De Palmboom,Schiedam,https://www.deschiedamsemolens.nl/museummolen/
http://www.wikidata.org/entity/Q98893873,Streekmuseum De Roode Tooren,Doesburg,https://www.deroodetooren.nl/
http://www.wikidata.org/entity/Q13137164,Museum Dekemastate,Leeuwarden,https://www.dekemastate.nl/
http://www.wikidata.org/entity/Q1576733,Hortus Botanicus Amsterdam,Amsterdam,https://www.dehortus.nl/
http://www.wikidata.org/entity/Q59962272,Stichting De Domijnen,,https://www.dedomijnen.nl/
http://www.wikidata.org/entity/Q1982236,Stratemakerstoren,Nijmegen,https://www.debastei.nl/nl
http://www.wikidata.org/entity/Q1942351,It Damshûs,Opsterland,https://www.damshus.nl/
http://www.wikidata.org/entity/Q56459403,Museum Waelstee,De Waal,https://www.cultuurmuseumtexel.nl/
http://www.wikidata.org/entity/Q59961996,Cultura,Ede,https://www.cultura-ede.nl
http://www.wikidata.org/entity/Q47472405,Cromhouthuis,Amsterdam,https://www.cromhouthuis.nl/
http://www.wikidata.org/entity/Q2653692,Louis Couperus Museum,Den Haag,https://www.couperusmuseum.org/
http://www.wikidata.org/entity/Q110995919,Nationaal Cooperatie Museum,,https://www.cooperatie-museum.nl/
http://www.wikidata.org/entity/Q19461133,Continium Discovery Center,Kerkrade,https://www.continium.nl/de
http://www.wikidata.org/entity/Q99346823,CODA Museum,Apeldoorn,https://www.coda-apeldoorn.nl/nl/english
http://www.wikidata.org/entity/Q62088324,Chabot Museum,Rotterdam,https://www.chabotmuseum.nl/
http://www.wikidata.org/entity/Q260913,Centraal Museum,Utrecht,https://www.centraalmuseum.nl/
http://www.wikidata.org/entity/Q110891770,Historisch Museum Ommen,,https://www.cco-ommen.nl/museum/
http://www.wikidata.org/entity/Q2546552,De Casteelse Poort,Wageningen,https://www.casteelsepoort.nl/
http://www.wikidata.org/entity/Q124080461,C1000 museum,Hellendoorn,https://www.c1000museum.nl/
http://www.wikidata.org/entity/Q13446573,Bunkermuseum Zoutelande,Veere,https://www.bunkerbehoud.com/
http://www.wikidata.org/entity/Q2128917,Internationaal Brandweermuseum Rijssen,Rijssen,https://www.brandweermuseum.nl/
http://www.wikidata.org/entity/Q65782581,Vesting Bourtange,Bourtange,https://www.bourtange.nl/
http://www.wikidata.org/entity/Q892727,Bonnefantenmuseum,Maastricht,https://www.bonnefanten.nl/en/
http://www.wikidata.org/entity/Q963825,Von Gimborn Arboretum,Doorn,https://www.bomenmuseum.nl/
http://www.wikidata.org/entity/Q679527,Museum Boijmans Van Beuningen,Rotterdam,https://www.boijmans.nl/
http://www.wikidata.org/entity/Q110995894,Belfort Museum Sluis,,https://www.belfortsluis.nl/
http://www.wikidata.org/entity/Q1666474,Beeldenpark Zwijndrecht,Zwijndrecht,https://www.beeldenparkdrechtoevers.nl/zwijndrecht-a-g/
http://www.wikidata.org/entity/Q1131877,Nederlands Instituut voor Beeld en Geluid,Hilversum,https://www.beeldengeluid.nl/
http://www.wikidata.org/entity/Q110985198,Museum Flevoland,,https://www.batavialand.nl/museum-flevoland
http://www.wikidata.org/entity/Q110985372,Batavialand,Lelystad,https://www.batavialand.nl/
http://www.wikidata.org/entity/Q110907359,Kempisch Bakkerijmuseum 'De Grenswachter',,https://www.bakkerij-museum.nl/
http://www.wikidata.org/entity/Q134462968,Nationaal Draf- en Rensport Museum,,https://www.archiefndr.nl/
http://www.wikidata.org/entity/Q632646,Archeon,Alphen aan den Rijn,https://www.archeon.nl/
http://www.wikidata.org/entity/Q4785912,Archeologisch Museum Haarlem,Haarlem,https://www.archeologischmuseumhaarlem.nl/
http://www.wikidata.org/entity/Q110995917,Museummolen Jan Pol,,https://www.aolddaoln.nl/
http://www.wikidata.org/entity/Q2170763,Stadsarchief Amsterdam,Amsterdam,https://www.amsterdam.nl/stadsarchief/
http://www.wikidata.org/entity/Q13973090,Oude Ambachten & Speelgoed Museum,,https://www.ambachtenmuseum.nl
http://www.wikidata.org/entity/Q111991798,Airborne at the Bridge,,https://www.airbornemuseum.nl/airborne-at-the-bridge
http://www.wikidata.org/entity/Q408081,"Airborne Museum",Renkum,https://www.airbornemuseum.nl
http://www.wikidata.org/entity/Q56459550,Kempenmuseum De Acht Zaligheden,Eersel,https://www.achtzaligheden.nl/
http://www.wikidata.org/entity/Q136683426,Achterhoeks Openluchtmuseum,,https://www.achterhoeksopenluchtmuseum.nl/de
http://www.wikidata.org/entity/Q138655301,Achterhoeks Museum 1940-1945,,https://www.achterhoeksmuseum1940-1945.nl/
http://www.wikidata.org/entity/Q55352177,Museum Abdijkerk,Maasgouw,https://www.abdijkerkthorn.nl/
http://www.wikidata.org/entity/Q110907367,Acht van Chaam Museum,,https://www.8vanchaam.nl/de-acht/museum/
http://www.wikidata.org/entity/Q115116763,stichting W.O.J. Nieuwenkamp,,https://wojnieuwenkamp.nl/
http://www.wikidata.org/entity/Q18775346,Scheepswerf Meerman,Middelburg,https://werfarnemuiden.nl/
http://www.wikidata.org/entity/Q98962037,Elisabeth Weeshuis Museum,Culemborg,https://weeshuismuseum.nl/
http://www.wikidata.org/entity/Q107097389,Museum Voorschoten,,https://website.museumvoorschoten.nl/
http://www.wikidata.org/entity/Q22572503,Waterliniemuseum Fort bij Vechten,Bunnik,https://waterliniemuseum.nl/
http://www.wikidata.org/entity/Q1869397,Vrijheidsmuseum,Berg en Dal,https://vrijheidsmuseum.nl
http://www.wikidata.org/entity/Q110907415,Vliegend Museum Seppe,Halderberge,https://vliegendmuseumseppe.nl/
http://www.wikidata.org/entity/Q14753871,Villa Mondriaan,Winterswijk,https://villamondriaan.nl/nl
http://www.wikidata.org/entity/Q111036461,Vestingmuseum Maastricht,Maastricht,https://vestingmuseummaastricht.nl/
http://www.wikidata.org/entity/Q131389412,MuseumFabriek Winterswijk,Winterswijk,https://vereniginghetmuseum.nl/museum-fabriek/
http://www.wikidata.org/entity/Q19912241,Venrays Museum,Venray,https://venraysmuseum.nl/
http://www.wikidata.org/entity/Q484899,Nationaal Fietsmuseum Velorama,Nijmegen,https://velorama.nl
http://www.wikidata.org/entity/Q2794022,Van Eesteren Museum,Amsterdam,https://vaneesterenmuseum.nl
http://www.wikidata.org/entity/Q1782422,Van Abbemuseum,Eindhoven,https://vanabbemuseum.nl/en/
http://www.wikidata.org/entity/Q58179751,Theepottenmuseum,Swartbroek,https://theepottenmuseum.nl/
http://www.wikidata.org/entity/Q136419680,Suriname Museum,Amsterdam,https://surinamemuseum.nl/
http://www.wikidata.org/entity/Q19580584,Medemblik steam museum,Medemblik,https://stoommachinemuseum.nl
http://www.wikidata.org/entity/Q20644426,Stadsmuseum Rhenen,Rhenen,https://stadsmuseumrhenen.nl
http://www.wikidata.org/entity/Q98894989,Stadsmuseum Bergh,Montferland,https://stadsmuseumbergh.nl
http://www.wikidata.org/entity/Q2042754,Wereldmuseum Rotterdam,Rotterdam,https://rotterdam.wereldmuseum.nl/
http://www.wikidata.org/entity/Q107572790,Reflex Modern Art Gallery,Amsterdam,https://reflexamsterdam.com/
http://www.wikidata.org/entity/Q20623554,Puzzelmuseum,De Friese Meren,https://puzzelmuseum.nl/Home.html
http://www.wikidata.org/entity/Q110995931,Museum De Proefkolonie,,https://proefkolonie.nl/
http://www.wikidata.org/entity/Q21856381,Expositieruimte onder de Ridderzaal,Den Haag,https://prodemos.nl/den-haag/expositie/
http://www.wikidata.org/entity/Q2241346,Princenhaags Museum,Breda,https://princenhaagsmuseum.nl/
http://www.wikidata.org/entity/Q2480545,Museum Vrolik,Amsterdam,https://prev.amc.nl/web/AMC-website/Museum-Vrolik-NL/Museum-Vrolik.html
http://www.wikidata.org/entity/Q1738414,Panorama Mesdag,Den Haag,https://panorama-mesdag.nl/
http://www.wikidata.org/entity/Q623558,Oude Kerk,Amsterdam,https://oudekerk.nl/
http://www.wikidata.org/entity/Q110541187,kunstmuseum Oude Kerk,Amsterdam,https://oudekerk.nl
http://www.wikidata.org/entity/Q493160,Museum Ons' Lieve Heer op Solder,Amsterdam,https://opsolder.nl/museum/
http://www.wikidata.org/entity/Q135116725,Nxt Museum,Amsterdam,https://nxtmuseum.com/
http://www.wikidata.org/entity/Q125399143,Nationaal Museum Tachtigjarige Oorlog,Oost Gelre,https://nmto.nl/
http://www.wikidata.org/entity/Q20888634,Nieuwe Instituut,Rotterdam,https://nieuweinstituut.nl/
http://www.wikidata.org/entity/Q2412016,Natuurhistorisch Museum Maastricht,Maastricht,https://nhmmaastricht.nl
http://www.wikidata.org/entity/Q137162400,Next Nature,Eindhoven,https://nextnature.org/en
http://www.wikidata.org/entity/Q110473013,Nederlands Jachtmuseum,Renkum,https://nederlandsjachtmuseum.nl/
http://www.wikidata.org/entity/Q1854948,Natuurmuseum Fryslân,Leeuwarden,https://natuurmuseumfryslan.nl/
http://www.wikidata.org/entity/Q2710899,Nationaal Onderduikmuseum,Aalten,https://nationaalonderduikmuseum.nl
http://www.wikidata.org/entity/Q1951586,muZIEum,Nijmegen,https://muzieum.nl
http://www.wikidata.org/entity/Q138511721,Mutek,Haarlem,https://mutekmuseum.nl/
http://www.wikidata.org/entity/Q56459179,Outsider Art Museum,Amsterdam,https://museumvandegeest.nl/kunst-en-collectie/outsider-art/
http://www.wikidata.org/entity/Q2050166,Museum van de Geest | Dolhuys,Haarlem,https://museumvandegeest.nl/
http://www.wikidata.org/entity/Q17441421,Museum Staphorst,Staphorst,https://museumstaphorst.nl/
http://www.wikidata.org/entity/Q2130225,Museum Rotterdam,Rotterdam,https://museumrotterdam.nl/en/
http://www.wikidata.org/entity/Q111991800,Museum Peel en Maas,,https://museumpeelenmaas.nl/cms/
http://www.wikidata.org/entity/Q109382770,Cultuur Historisch Museum Oene,Epe,https://museumoene.nl
http://www.wikidata.org/entity/Q66716065,Museum Noordwijk,Noordwijk,https://museumnoordwijk.nl
http://www.wikidata.org/entity/Q125398667,Museum Nieuwpoort,Nieuwpoort,https://museumnieuwpoort.nl/
http://www.wikidata.org/entity/Q98907719,Museum Lunteren,Ede,https://museumlunteren.nl/
http://www.wikidata.org/entity/Q15879540,Museum Hert fan Fryslân,Leeuwarden,https://museumhertfanfryslan.nl/
http://www.wikidata.org/entity/Q22015126,Museum Helmond,Helmond,https://museumhelmond.nl/
http://www.wikidata.org/entity/Q29908492,Museum Flehite,Amersfoort,https://museumflehite.nl/en/home/
http://www.wikidata.org/entity/Q29908492,Museum Flehite,Amersfoort,https://museumflehite.nl
http://www.wikidata.org/entity/Q3457274,Museum Drachten,Smallingerland,https://museumdrachten.nl/
http://www.wikidata.org/entity/Q110995913,Museum De Voorde,,https://museumdevoorde.nl
http://www.wikidata.org/entity/Q98893871,Museum Buren en Oranje,Buren,https://museumburenenoranje.nl/
http://www.wikidata.org/entity/Q2216754,Museum Bredius,Den Haag,https://museumbredius.nl/
http://www.wikidata.org/entity/Q136773018,Museum Beesel,Beesel,https://museumbeesel.nl/
http://www.wikidata.org/entity/Q13134511,Museum Aldeboarn,Heerenveen,https://museumaldeboarn.nl/
http://www.wikidata.org/entity/Q121900753,Museum aan de A,Groningen,https://museumaandea.nl/
http://www.wikidata.org/entity/Q104524855,Royal Delft Museum,Delft,https://museum.royaldelft.com/
http://www.wikidata.org/entity/Q110891770,Historisch Museum Ommen,,https://museum-ommen.nl/
http://www.wikidata.org/entity/Q2736515,Stedelijk Museum Zutphen,Zutphen,https://museazutphen.nl/stedelijk-museum-zutphen
http://www.wikidata.org/entity/Q1886369,Museum Henriette Polak,Zutphen,https://museazutphen.nl/museum-henriette-polak/
http://www.wikidata.org/entity/Q1925731,Molen van Sloten,Amsterdam,https://molenvansloten.nl/
http://www.wikidata.org/entity/Q2382332,Zuid-Limburgse Stoomtrein Maatschappij,,https://miljoenenlijn.nl/de/
http://www.wikidata.org/entity/Q110986303,Havezate Mensinge,,https://mensinge.nl/
http://www.wikidata.org/entity/Q138656998,Memory Vrijheidsmuseum,Hellendoorn,https://memorymuseum.nl/
http://www.wikidata.org/entity/Q2533298,Max Euwe Centrum,Amsterdam,https://maxeuwe.nl
http://www.wikidata.org/entity/Q111908847,Marres,Maastricht,https://marres.org/
http://www.wikidata.org/entity/Q13815394,Marie Tak van Poortvliet Museum,Domburg,https://marietakmuseum.nl/
http://www.wikidata.org/entity/Q27915945,Maas Binnenvaartmuseum,,https://maas-binnenvaartmuseum.nl/
http://www.wikidata.org/entity/Q56461154,Liemers Museum,Zevenaar,https://liemerskunstwerk.nl/museum/
http://www.wikidata.org/entity/Q110995934,Levend Paardenmuseum,,https://levendpaardenmuseum.nl/
http://www.wikidata.org/entity/Q17339437,Wereldmuseum Leiden,Leiden,https://leiden.wereldmuseum.nl/
http://www.wikidata.org/entity/Q2267655,Kruideniersmuseum,Utrecht,https://kruideniersmuseum.nl/
http://www.wikidata.org/entity/Q2127133,Buitenplaats Kasteel Wijlre,Gulpen-Wittem,https://kasteelwijlre.nl/
http://www.wikidata.org/entity/Q30163006,Drukkunstmuseum,Maastricht,https://kapelvanverbeelding.nl/
http://www.wikidata.org/entity/Q13433035,Kaarsenmuseum,Baarle-Hertog,https://kaarsenmuseum.nl/
http://www.wikidata.org/entity/Q20621177,Joods Historisch Kindermuseum,Amsterdam,https://jck.nl/nl/locatie/jhm-kindermuseum
http://www.wikidata.org/entity/Q26822174,Nationaal Holocaust Museum,Amsterdam,https://jck.nl/locatie/nationaal-holocaustmuseum
http://www.wikidata.org/entity/Q26822174,Nationaal Holocaust Museum,Amsterdam,https://jck.nl/locatie/nationaal-holocaustmuseum
http://www.wikidata.org/entity/Q702726,Joods Museum,Amsterdam,https://jck.nl/locatie/joods-museum
http://www.wikidata.org/entity/Q2206529,Hollandsche Schouwburg,Amsterdam,https://jck.nl/locatie/hollandsche-schouwburg
http://www.wikidata.org/entity/Q26822174,Nationaal Holocaust Museum,Amsterdam,https://jck.nl/en/location/national-holocaust-museum
http://www.wikidata.org/entity/Q66985422,Jan Kruis Museum,Midden-Drenthe,https://jankruismuseum.nl/
http://www.wikidata.org/entity/Q137408861,Illusion Brussels,Brussel,https://illusionbrussels.be/nl
http://www.wikidata.org/entity/Q14404377,Stichting IJzertijdboerderij Dongen,Dongen,https://ijzertijdboerderij.nl/
http://www.wikidata.org/entity/Q110995906,Huygensmuseum Hofwijck,,https://huygensmuseum.nl/
http://www.wikidata.org/entity/Q135069089,Museum Huize Keizer,Dinkelland,https://huizekeizer.nl/
http://www.wikidata.org/entity/Q18654836,Huis van Hilde,Castricum,https://huisvanhilde.nl/
http://www.wikidata.org/entity/Q99370641,museum Huis Bergh,'s-Heerenberg,https://huisbergh.nl/
http://www.wikidata.org/entity/Q96742350,Stadsmuseum Hof van Hessen,Lingewaard,https://huessen.nl/index.php/museum
http://www.wikidata.org/entity/Q2754844,Historisch Centrum Leeuwarden,Leeuwarden,https://historischcentrumleeuwarden.nl/
http://www.wikidata.org/entity/Q109771319,Herman Brood Museum & Experience,Zwolle,https://hermanbroodmuseum.nl/
http://www.wikidata.org/entity/Q136473440,Hendrick Hamel Museum,Gorinchem,https://hendrickhamelmuseum.nl/
http://www.wikidata.org/entity/Q1350009,H'Art Museum,Amsterdam,https://hartmuseum.nl/nl/
http://www.wikidata.org/entity/Q113850594,Greenbox Museum,,https://greenboxmuseum.com/
http://www.wikidata.org/entity/Q135256504,Stadsmuseum Oudewater,Oudewater,https://geschiedkundigeverenigingoudewater.nl/gebouwen-van-oudewater/stadsmuseum/
http://www.wikidata.org/entity/Q4688292,Gelders Geologisch Museum,,https://geologischmuseum.nl/
http://www.wikidata.org/entity/Q38079006,Geelvinck Muziek Museum,Zutphen,https://geelvinck.nl
http://www.wikidata.org/entity/Q98959215,Gebroeders van Lymborch Huis,,https://gebroedersvanlimburg.nl/
http://www.wikidata.org/entity/Q111991807,Garage Rotterdam,Rotterdam,https://garagerotterdam.nl/
http://www.wikidata.org/entity/Q13135554,Ferdinand Domela Nieuwenhuis Museum,Heerenveen,https://ferdinanddomelanieuwenhuis.nl/
http://www.wikidata.org/entity/Q110995897,Fashion for Good,,https://fashionforgood.com/
http://www.wikidata.org/entity/Q4343810,Limburgs Openluchtmuseum Eynderhoof,Nederweert-Eind,https://eynderhoof.nl/
http://www.wikidata.org/entity/Q23212,Evoluon,Eindhoven,https://evoluon.com
http://www.wikidata.org/entity/Q14541115,Erotic Museum,Amsterdam,https://erotisch-museum.nl/
http://www.wikidata.org/entity/Q98904476,Stichting Erfgoed Meubelfabriek L.O.V.,,https://erfgoedlov.org/
http://www.wikidata.org/entity/Q76885143,Erfgoedcentrum Zutphen,Zutphen,https://erfgoedcentrumzutphen.nl/
http://www.wikidata.org/entity/Q1278103,Eindhoven Museum,Eindhoven,https://eindhovenmuseum.nl/
http://www.wikidata.org/entity/Q13574438,Driels Museum,Maasdriel,https://drielsmuseum.nl
http://www.wikidata.org/entity/Q85311353,Deventer Verhaal,,https://deventerverhaal.nl/
http://www.wikidata.org/entity/Q71801616,Design Museum Dedel,Den Haag,https://designmuseumdedel.nl/
http://www.wikidata.org/entity/Q62609431,Museum de Schat van Simpelveld,Simpelveld,https://deschatvansimpelveld.nl
http://www.wikidata.org/entity/Q110907358,De Holle Roffel ambachts- en gereedschapsmuseum,,https://deholleroffel.nl/
http://www.wikidata.org/entity/Q227151,Zr. Ms. Buffel,,https://debuffel.nl/
http://www.wikidata.org/entity/Q124003687,Cultuurhuis Bergeijk,,https://cultuurhuisbergeijk.nl/
http://www.wikidata.org/entity/Q110538315,Computer Museum Arnhem,Arnhem,https://computermuseumarnhem.nl/
http://www.wikidata.org/entity/Q106546760,Bonami Games & Computers Museum,Epe,https://computermuseum.nl/
http://www.wikidata.org/entity/Q17153751,Nationaal Museum van Wereldculturen,,https://collectie.wereldculturen.nl
http://www.wikidata.org/entity/Q107060192,Club Solo,Breda,https://clubsolo.nl/
http://www.wikidata.org/entity/Q1954426,Museum Catharijneconvent,Utrecht,https://catharijneconvent.nl/
http://www.wikidata.org/entity/Q134054379,Cameramuseum Zierikzee,Schouwen-Duiveland,https://cameramuseum.nl/
http://www.wikidata.org/entity/Q110996021,Buurderij De Lage Hof,,https://buurderijdelagehof.nl/
http://www.wikidata.org/entity/Q18286705,Stelling 12H,Vlieland,https://bunkermuseumvlieland.nl/
http://www.wikidata.org/entity/Q78792110,Bunkermuseum Schlei,Schiermonnikoog,https://bunkermuseum.wordpress.com/
http://www.wikidata.org/entity/Q89269851,Brouws Museum,Schouwen-Duiveland,https://brouwsmuseum.nl/
http://www.wikidata.org/entity/Q4540226,BroekerVeiling,Langedijk,https://broekerveiling.nl/
http://www.wikidata.org/entity/Q113731920,House of Bols,,https://bols.com/cocktail-experience/house-of-bols
http://www.wikidata.org/entity/Q101625974,Blind Walls Gallery,Breda,https://blindwalls.gallery/
http://www.wikidata.org/entity/Q96195487,Bizarium,Sluis,https://bizarium.com/
http://www.wikidata.org/entity/Q2675643,Museum Paulina Bisdom van Vliet,Krimpenerwaard,https://bisdomvanvliet.nl/
http://www.wikidata.org/entity/Q66764684,Bijlmermuseum,Amsterdam,https://bijlmermuseum.com/
http://www.wikidata.org/entity/Q1852477,Bevrijdingsmuseum Zeeland,Borsele,https://bevrijdingsmuseumzeeland.nl/
http://www.wikidata.org/entity/Q2470853,Wereldmuseum Berg en Dal,Berg en Dal,https://bergendal.wereldmuseum.nl/
http://www.wikidata.org/entity/Q111976816,Museum De Torenkamer,Hilvarenbeek,https://beeksetoren.nl/nl
http://www.wikidata.org/entity/Q2098441,ARCAM,Amsterdam,https://arcam.nl
http://www.wikidata.org/entity/Q138952286,The Apple Museum,Utrecht,https://applemuseum.nl/
http://www.wikidata.org/entity/Q125421055,ANNO,Zwolle,https://anno.nl/
http://www.wikidata.org/entity/Q1849293,De Eendracht,Noardeast-Fryslân,https://anjumermolen.nl/
http://www.wikidata.org/entity/Q1131589,Wereldmuseum Amsterdam,Amsterdam,https://amsterdam.wereldmuseum.nl/
http://www.wikidata.org/entity/Q130736773,Allard Pierson,Amsterdam,https://allardpierson.nl/
http://www.wikidata.org/entity/Q15962410,Rietveldpaviljoen De Zonnehof,Amersfoort,https://033rietveldpaviljoen.nl/
http://www.wikidata.org/entity/Q98907722,Gelders Schuttersmuseum,Montferland,https://.schuttersnet.nl
http://www.wikidata.org/entity/Q98893866,Museum Tweestromenland,West Maas en Waal,https://.museumtweestromenland.nl
http://www.wikidata.org/entity/Q98893914,Museum Smedekinck,Bronckhorst,https://.museumsmedekinck.nl
http://www.wikidata.org/entity/Q9392200,Museum Het Zwanenbroedershuis,'s-Hertogenbosch,http://www.zwanenbroedershuis.nl/
http://www.wikidata.org/entity/Q228640,Zuiderzeemuseum,Enkhuizen,http://www.zuiderzeemuseum.nl/
http://www.wikidata.org/entity/Q2036143,"Zoutmuseum",Hof van Twente,http://www.zoutmuseum.nl
http://www.wikidata.org/entity/Q4295172,Zouavenmuseum,Oudenbosch,http://www.zouavenmuseum.nl
http://www.wikidata.org/entity/Q2246858,Nederlands Zilvermuseum Schoonhoven,Krimpenerwaard,http://www.zilvermuseum.com
http://www.wikidata.org/entity/Q2153365,Zeeuws Museum,Middelburg,http://www.zeeuwsmuseum.nl/
http://www.wikidata.org/entity/Q5971552,IJmuider Zee- en Havenmuseum,Velsen,http://www.zeehavenmuseum.nl/
http://www.wikidata.org/entity/Q56461129,Zandvoorts Museum,Zandvoort,http://www.zandvoortsmuseum.nl
http://www.wikidata.org/entity/Q3383883,Zaans Museum,Zaanstad,http://www.zaansmuseum.nl/index.php?id=52
http://www.wikidata.org/entity/Q136661,Zaanse Schans,Zaanstad,http://www.zaanseschans.nl
http://www.wikidata.org/entity/Q2593585,Molenmuseum,Zaanstad,http://www.zaanschemolen.nl
http://www.wikidata.org/entity/Q96097704,Klompenmuseum De Zaanse Schans,Zaanstad,http://www.woodenshoes.nl/
http://www.wikidata.org/entity/Q3983070,Natura Docet,Denekamp,http://www.wonderryck.nl
http://www.wikidata.org/entity/Q1886176,Museum Willet-Holthuysen,Amsterdam,http://www.willetholthuysen.nl/
http://www.wikidata.org/entity/Q2382575,Westfries Museum,Hoorn,http://www.wfm.nl
http://www.wikidata.org/entity/Q18608766,Museum Het Leids Wevershuis,Leiden,http://www.wevershuis.nl/home/english/
http://www.wikidata.org/entity/Q2459642,Weverijmuseum Geldrop,Geldrop-Mierlo,http://www.weverijmuseum.nl/
http://www.wikidata.org/entity/Q56459789,Westlands Museum,Westland,http://www.westlandsmuseum.nl
http://www.wikidata.org/entity/Q56459474,West Den Haag,Den Haag,http://www.westdenhaag.nl/
http://www.wikidata.org/entity/Q14856958,Weegschaalmuseum,Naarden,http://www.weegschaalmuseum.nl
http://www.wikidata.org/entity/Q110907393,Watersnoodwoning Museum Heijningen,,http://www.watersnoodwoning-moerdijk.nl
http://www.wikidata.org/entity/Q2323541,Watersnoodmuseum,Schouwen-Duiveland,http://www.watersnoodmuseum.nl/
http://www.wikidata.org/entity/Q2692012,Nederlands Watermuseum,Arnhem,http://www.watermuseum.nl
http://www.wikidata.org/entity/Q14644903,Museum Warkums Erfskip,Workum,http://www.warkumserfskip.nl/
http://www.wikidata.org/entity/Q56461052,Valkerij en Sigarenmakerij Museum,Valkenswaard,http://www.vsmm.nl
http://www.wikidata.org/entity/Q2747609,Stichting Vroege Vogels,,http://www.vroegevogels.org/
http://www.wikidata.org/entity/Q1980158,Dutch Museum of working-class districts,Utrecht,http://www.volksbuurtmuseum.nl
http://www.wikidata.org/entity/Q2479295,Volendams Museum,Volendam,http://www.volendamsmuseum.nl
http://www.wikidata.org/entity/Q1967125,Voerman Stadsmuseum Hattem,Hattem,http://www.voermanmuseumhattem.nl
http://www.wikidata.org/entity/Q110907364,Museum voor Vluchtsimulatie,,http://www.vluchtsimulatie.nl
http://www.wikidata.org/entity/Q597597,Vleeshal Middelburg,Middelburg,http://www.vleeshal.nl
http://www.wikidata.org/entity/Q2246299,Nationaal Vlechtmuseum,Weststellingwerf,http://www.vlechtmuseum.nl
http://www.wikidata.org/entity/Q2113572,Vlasserij-Suikermuseum,Klundert,http://www.vlasserij-suikermuseum.nl
http://www.wikidata.org/entity/Q110907405,Visserij- en Cultuurhistorisch Museum,,http://www.visserijmuseumwoudrichem.nl
http://www.wikidata.org/entity/Q56461202,Visserijmuseum Zoutkamp,Zoutkamp,http://www.visserijmuseum.com
http://www.wikidata.org/entity/Q2793692,Villa Zebra,Rotterdam,http://www.villazebra.nl
http://www.wikidata.org/entity/Q15961660,Vestingmuseum Oudeschans,Oudeschans,http://www.vesting-oudeschans.nl
http://www.wikidata.org/entity/Q828307,Verzetsmuseum Amsterdam,Amsterdam,http://www.verzetsmuseum.org/
http://www.wikidata.org/entity/Q2655184,Veenpark,Emmen,http://www.veenpark.nl/
http://www.wikidata.org/entity/Q2519854,Vechtstreekmuseum,Maarssen,http://www.vechtstreekmuseum.nl
http://www.wikidata.org/entity/Q110907355,Nationaal Varkensmuseum 't Rundal,,http://www.varkensmuseum.nl
http://www.wikidata.org/entity/Q54957003,Museum Kinderdorp Neerbosch,Nijmegen,http://www.vantlindenhoutmuseum.nl
http://www.wikidata.org/entity/Q224124,Van Gogh Museum,Amsterdam,http://www.vangoghmuseum.nl/
http://www.wikidata.org/entity/Q10896041,Van Goghhuis,Zundert,http://www.vangoghhuis.com
http://www.wikidata.org/entity/Q1994770,Museum van Bommel van Dam,Venlo,http://www.vanbommelvandam.nl
http://www.wikidata.org/entity/Q1782422,Van Abbemuseum,Eindhoven,http://www.vanabbemuseum.nl/
http://www.wikidata.org/entity/Q31435560,UvA Computermuseum,Amsterdam,http://www.uva.nl/faculteiten/faculteit-der-natuurwetenschappen-wiskunde-en-informatica/locatie-en-contact/campus/computermuseum/uva-computermuseum.html
http://www.wikidata.org/entity/Q2498387,Botanische Tuinen Universiteit Utrecht,Utrecht,http://www.uu.nl/botanischetuinen
http://www.wikidata.org/entity/Q2483022,Museum Tromp's Huys,Vlieland,http://www.trompshuys.nl
http://www.wikidata.org/entity/Q1872824,Arboretum Trompenburg,Rotterdam,http://www.trompenburg.nl
http://www.wikidata.org/entity/Q29944161,Touwmuseum,Oudewater,http://www.touwmuseum.nl
http://www.wikidata.org/entity/Q2383603,Nederlands Uitvaart Museum Tot Zover,Amsterdam,http://www.totzover.nl
http://www.wikidata.org/entity/Q17146713,Torture Museum Amsterdam,Amsterdam,http://www.torturemuseum.com/
http://www.wikidata.org/entity/Q23377378,Toon Kortooms Park,Deurne,http://www.toonkortoomspark.nl/
http://www.wikidata.org/entity/Q28465536,Muziekinformatie- en Documentatiecentrum Ton Stolk,Vlaardingen,http://www.tonstolk.nl/
http://www.wikidata.org/entity/Q22093641,Ton Smits Huis,Eindhoven,http://www.tonsmitshuis.nl/
http://www.wikidata.org/entity/Q13138349,Titus Brandsma Museum,Bolsward,http://www.titusbrandsmamuseum.nl
http://www.wikidata.org/entity/Q2755329,Nationaal Tinnen Figuren Museum,Ommen,http://www.tinnenfigurenmuseum.nl
http://www.wikidata.org/entity/Q2022136,Keramiekcentrum Tiendschuur Tegelen,Venlo,http://www.tiendschuur.net
http://www.wikidata.org/entity/Q2134254,The Amsterdam Dungeon,Amsterdam,http://www.the-dungeons.nl/locations/
http://www.wikidata.org/entity/Q474563,Teylers Museum,Haarlem,http://www.teylersmuseum.nl
http://www.wikidata.org/entity/Q3983824,TextielMuseum,Tilburg,http://www.textielmuseum.nl
http://www.wikidata.org/entity/Q2643296,Terra Maris,Oostkapelle,http://www.terramaris.nl
http://www.wikidata.org/entity/Q23115239,TENT Rotterdam,Rotterdam,http://www.tentrotterdam.nl
http://www.wikidata.org/entity/Q110907363,Museum Techniek met 'n Ziel,,http://www.techniekmeteenziel.nl/
http://www.wikidata.org/entity/Q2077489,Tassenmuseum Hendrikje,Amsterdam,http://www.tassenmuseum.nl/
http://www.wikidata.org/entity/Q20991292,Tabaksteeltmuseum,Utrechtse Heuvelrug,http://www.tabaksteeltmuseum.nl/
http://www.wikidata.org/entity/Q110412177,Kasteel-Museum Sypesteyn,Loosdrecht,http://www.sypesteyn.nl
http://www.wikidata.org/entity/Q2863024,Synagoge,Vlagtwedde,http://www.synagoge-bourtange.nl
http://www.wikidata.org/entity/Q2761825,Stadsmuseum Leidschendam-Voorburg,Voorburg,http://www.swaensteyn.nl/
http://www.wikidata.org/entity/Q2137737,Nederlands Stripmuseum,Groningen,http://www.stripmuseum.nl/
http://www.wikidata.org/entity/Q56460745,Streekmuseum Veldzicht,Noordwijk,http://www.streekmuseumveldzicht.nl
http://www.wikidata.org/entity/Q13636575,Flipje & Streekmuseum,Tiel,http://www.streekmuseumtiel.nl
http://www.wikidata.org/entity/Q77083792,Streekmuseum Reeuwijk,Bodegraven-Reeuwijk,http://www.streekmuseumreeuwijk.nl/
http://www.wikidata.org/entity/Q28735854,Streekmuseum Elsloo,Elsloo,http://www.streekmuseumelsloo.nl
http://www.wikidata.org/entity/Q110907350,Oudheidkundig Streekmuseum Alphen,,http://www.streekmuseumalphen.nl
http://www.wikidata.org/entity/Q110322021,Straat Museum,Amsterdam,http://www.straatmuseum.com/
http://www.wikidata.org/entity/Q4452129,Stoomgemaal Vier Noorder Koggen,Medemblik,http://www.stoommachinemuseum.nl/
http://www.wikidata.org/entity/Q2170624,Nederlands Steendrukmuseum,Valkenswaard,http://www.steendrukmuseum.nl
http://www.wikidata.org/entity/Q56461097,Stedelijk Museum Vianen,Vianen,http://www.stedelijkmuseumvianen.nl
http://www.wikidata.org/entity/Q2779535,Stedelijk Museum Schiedam,Schiedam,http://www.stedelijkmuseumschiedam.nl
http://www.wikidata.org/entity/Q2534195,Stedelijk Museum,Kampen,http://www.stedelijkemuseakampen.nl
http://www.wikidata.org/entity/Q56461178,Stadsmuseum Zoetermeer,Zoetermeer,http://www.stadsmuseumzoetermeer.nl
http://www.wikidata.org/entity/Q110990599,Stadsmuseum Woerden,,http://www.stadsmuseumwoerden.nl
http://www.wikidata.org/entity/Q1819360,Stadsmuseum Steenwijk,Steenwijkerland,http://www.stadsmuseumsteenwijk.nl
http://www.wikidata.org/entity/Q19971911,Stadsmuseum Doetinchem,Doetinchem,http://www.stadsmuseumdoetinchem.nl
http://www.wikidata.org/entity/Q17611858,Stadsmuseum Almelo,Almelo,http://www.stadsmuseumalmelo.nl
http://www.wikidata.org/entity/Q56459713,Stadsmuseum Harderwijk,Harderwijk,http://www.stadsmuseum-harderwijk.nl
http://www.wikidata.org/entity/Q23900557,Stadhuismuseum Zierikzee,Zierikzee,http://www.stadhuismuseum.nl/
http://www.wikidata.org/entity/Q847166,Spoorwegmuseum,Utrecht,http://www.spoorwegmuseum.nl
http://www.wikidata.org/entity/Q17439945,Spinozahuisje,Katwijk,http://www.spinozahuis.nl
http://www.wikidata.org/entity/Q110907416,Museum Spelebos,,http://www.spelebos.nl
http://www.wikidata.org/entity/Q19840696,Speelgoedmuseum Deventer,Deventer,http://www.speelgoedmuseumdeventer.nl
http://www.wikidata.org/entity/Q2375610,Speelgoedmuseum ‘op Stelten’,Oosterhout,http://www.speelgoedmuseum.nl/
http://www.wikidata.org/entity/Q1519288,Sonnenborgh,Utrecht,http://www.sonnenborgh.nl
http://www.wikidata.org/entity/Q1911968,Industrieel Smalspoor Museum,Emmen,http://www.smalspoorcentrum.nl/
http://www.wikidata.org/entity/Q2131198,Slot Zuylen,Stichtse Vecht,http://www.slotzuylen.nl/
http://www.wikidata.org/entity/Q98908556,Museum Slot Loevestein,Zaltbommel,http://www.slotloevestein.nl/
http://www.wikidata.org/entity/Q98908556,Museum Slot Loevestein,Zaltbommel,http://www.slotloevestein.nl/
http://www.wikidata.org/entity/Q25658642,Skûtsjemuseum de Stripe,Tietjerksteradeel,http://www.skutsjemuseum.nl/
http://www.wikidata.org/entity/Q98961921,Museum Sjoel Elburg,Elburg,http://www.sjoelelburg.nl
http://www.wikidata.org/entity/Q2284283,Schatkamer Sint-Servaasbasiliek,Maastricht,http://www.sintservaas.nl/index24.html
http://www.wikidata.org/entity/Q848290,Sint-Janskerk,Gouda,http://www.sintjan.com
http://www.wikidata.org/entity/Q431431,Singer Laren,Laren,http://www.singerlaren.nl/
http://www.wikidata.org/entity/Q3329876,Sexmuseum,Amsterdam,http://www.sexmuseumamsterdam.nl
http://www.wikidata.org/entity/Q135441375,SCHUNCK Museum,Heerlen,http://www.schunck.nl
http://www.wikidata.org/entity/Q56461263,Schoonewelle Museum voor Natuur en Ambacht,Zwartsluis,http://www.schoonewelle.nl
http://www.wikidata.org/entity/Q2086892,Schelpenmuseum Paal 14,Schiermonnikoog,http://www.schelpenmuseum.nl
http://www.wikidata.org/entity/Q1840874,Radiomuseum,Rotterdam,http://www.rotterdamsradiomuseum.nl/
http://www.wikidata.org/entity/Q110907386,Museum Romeins Halder,,http://www.romeinshalder.nl
http://www.wikidata.org/entity/Q27915943,Roerstreekmuseum,Roerdalen,http://www.roerstreekmuseum.nl/
http://www.wikidata.org/entity/Q27915943,Roerstreekmuseum,Roerdalen,http://www.roerstreekmuseum.nl/
http://www.wikidata.org/entity/Q1860378,Rijksmuseum van Oudheden,Leiden,http://www.rmo.nl/
http://www.wikidata.org/entity/Q56460642,Museum Nienoord,Leek,http://www.rijtuigmuseum.nl
http://www.wikidata.org/entity/Q56460883,Rijssens Museum,Rijssen,http://www.rijssensmuseum.nl
http://www.wikidata.org/entity/Q2146404,Nationaal Reddingmuseum Dorus Rijkers,Den Helder,http://www.reddingmuseum.nl
http://www.wikidata.org/entity/Q3903665,Purmerends Museum,Purmerend,http://www.purmerendsmuseum.nl
http://www.wikidata.org/entity/Q56459461,De Nollen,Den Helder,http://www.projectdenollen.nl
http://www.wikidata.org/entity/Q24754774,preHistorisch Dorp,Eindhoven,http://www.preHistorischDorp.nl
http://www.wikidata.org/entity/Q931838,Internationale Politiepetten Collectie,Slochteren,http://www.politiepetten.nl/
http://www.wikidata.org/entity/Q601223,Koninklijk Eise Eisinga Planetarium,Waadhoeke,http://www.planetarium-friesland.nl
http://www.wikidata.org/entity/Q56452159,Veiligheidsmuseum PIT,Almere,http://www.pitveiligheid.nl/
http://www.wikidata.org/entity/Q2218690,Amsterdam Pipe Museum,Amsterdam,http://www.pijpenkabinet.nl
http://www.wikidata.org/entity/Q17329530,Pier Pandertempel,Leeuwarden,http://www.pierpander.nl
http://www.wikidata.org/entity/Q15124806,Pianola museum,Amsterdam,http://www.pianola.nl
http://www.wikidata.org/entity/Q924769,Fort aan het Pampus,Muiden,http://www.pampus.nl
http://www.wikidata.org/entity/Q2388491,Museum Palthehuis,Oldenzaal,http://www.palthehuis.nl
http://www.wikidata.org/entity/Q99349995,Nationaal Museum Paleis het Loo,Apeldoorn,http://www.paleishetloo.nl/
http://www.wikidata.org/entity/Q3531625,Oyfo Techniekmuseum,Hengelo,http://www.oyfo.nl/
http://www.wikidata.org/entity/Q17443160,Oudheidkamer Texel,Texel,http://www.oudheidkamertexel.nl
http://www.wikidata.org/entity/Q112045596,Oudheidkamer Holten,,http://www.oudheidkamerholten.nl/
http://www.wikidata.org/entity/Q56460838,Openluchtmuseum Ootmarsum,Dinkelland,http://www.openluchtmuseumootmarsum.nl
http://www.wikidata.org/entity/Q56460838,Openluchtmuseum Ootmarsum,Ootmarsum,http://www.openluchtmuseumootmarsum.nl
http://www.wikidata.org/entity/Q2057900,Oosterscheldemuseum,Yerseke,http://www.oosterscheldemuseum.nl/
http://www.wikidata.org/entity/Q2654416,Nationaal Onderwijsmuseum,Rotterdam,http://www.onderwijsmuseum.nl
http://www.wikidata.org/entity/Q2004350,Noordelijk Scheepvaartmuseum,Groningen,http://www.noordelijkscheepvaartmuseum.nl/
http://www.wikidata.org/entity/Q18089004,Noord-Veluws Museum,Nunspeet,http://www.noord-veluws-museum.nl
http://www.wikidata.org/entity/Q2231191,Nonke Buusjke,Beekdaelen,http://www.nonkebuusjke.nl/
http://www.wikidata.org/entity/Q18326395,Noord-Nederlands Trein & Tram Museum,Menterwolde,http://www.nnttm.nl/
http://www.wikidata.org/entity/Q3371370,Nationaal Militair Museum,Soest,http://www.nmm.nl/
http://www.wikidata.org/entity/Q24033642,Nationaal Monument Kamp Vught,Vught,http://www.nmkampvught.nl/
http://www.wikidata.org/entity/Q1419675,Nieuwe Kerk,Amsterdam,http://www.nieuwekerk.nl/en/
http://www.wikidata.org/entity/Q1419675,Nieuwe Kerk,Amsterdam,http://www.nieuwekerk.nl
http://www.wikidata.org/entity/Q2412016,Natuurhistorisch Museum Maastricht,Maastricht,http://www.nhmmaastricht.nl/
http://www.wikidata.org/entity/Q56459436,NEST,Den Haag,http://www.nestruimte.nl
http://www.wikidata.org/entity/Q1422000,NEMO,Amsterdam,http://www.nemosciencemuseum.nl/
http://www.wikidata.org/entity/Q13882261,Nederlands Tegelmuseum,Ede,http://www.nederlandstegelmuseum.nl
http://www.wikidata.org/entity/Q45204324,Nederlands IJzermuseum,Oude IJsselstreek,http://www.nederlandsijzermuseum.nl
http://www.wikidata.org/entity/Q4356904,Nederlands Artillerie Museum,Elburg,http://www.nederlandsartilleriemuseum.nl
http://www.wikidata.org/entity/Q2584307,Centrum voor Natuur en Landschap,Terschelling,http://www.natuurmuseumterschelling.nl/
http://www.wikidata.org/entity/Q1889816,Natuurmuseum Brabant,Tilburg,http://www.natuurmuseumbrabant.nl
http://www.wikidata.org/entity/Q2683308,Natuurcentrum Ameland,Ameland,http://www.natuurcentrumameland.nl/
http://www.wikidata.org/entity/Q641676,Naturalis Biodiversity Center,Leiden,http://www.naturalis.nl
http://www.wikidata.org/entity/Q641676,Naturalis Biodiversity Center,Leiden,http://www.naturalis.nl
http://www.wikidata.org/entity/Q110907414,Nationaal Veeteelt Museum,,http://www.nationaalveeteeltmuseum.nl
http://www.wikidata.org/entity/Q21113770,Nationaal Sleepvaart Museum,Maassluis,http://www.nationaalsleepvaartmuseum.nl
http://www.wikidata.org/entity/Q2739162,Nationaal Ruimtevaart Museum,Lelystad,http://www.nationaalruimtevaartmuseum.nl/
http://www.wikidata.org/entity/Q2144884,Nationaal Glasmuseum,Leerdam,http://www.nationaalglasmuseum.nl
http://www.wikidata.org/entity/Q2022448,Nationaal Brandweermuseum,Voorne aan Zee,http://www.nationaalbrandweermuseum.nl
http://www.wikidata.org/entity/Q2130109,Museum Nairac,Barneveld,http://www.nairac.nl
http://www.wikidata.org/entity/Q2181432,Maritiem Muzeeum Zeeland,Vlissingen,http://www.muzeeum.nl/
http://www.wikidata.org/entity/Q2104302,Muzee Scheveningen,Den Haag,http://www.muzeescheveningen.nl
http://www.wikidata.org/entity/Q15879552,Muzeeaquarium Delfzijl,Eemsdelta,http://www.muzeeaquarium.nl
http://www.wikidata.org/entity/Q56460962,Museum van Brabantse Mutsen en Poffers,Meierijstad,http://www.mutsenmuseum.nl
http://www.wikidata.org/entity/Q20970639,Museum Weesp,Amsterdam,http://www.museumweesp.nl/
http://www.wikidata.org/entity/Q3192854,Museum Vlaardingen,Vlaardingen,http://www.museumvlaardingen.nl
http://www.wikidata.org/entity/Q2119394,Museum Vekemans,Boxtel,http://www.museumvekemans.nl
http://www.wikidata.org/entity/Q4288330,Museum Veere,Veere,http://www.museumveere.nl
http://www.wikidata.org/entity/Q56461068,Museum Veenendaal,Veenendaal,http://www.museumveenendaal.nl
http://www.wikidata.org/entity/Q2191110,Museum Van Loon,Amsterdam,http://www.museumvanloon.nl/
http://www.wikidata.org/entity/Q56459565,Museum Egmond,Q9901,http://www.museumvanegmond.nl
http://www.wikidata.org/entity/Q41990282,Museum Vaals,Vaals,http://www.museumvaals.nl/
http://www.wikidata.org/entity/Q3205907,Museumstoomtram Hoorn - Medemblik,Hoorn,http://www.museumstoomtram.nl
http://www.wikidata.org/entity/Q17613504,Museum Stad Appingedam,Eemsdelta,http://www.museumstadappingedam.nl
http://www.wikidata.org/entity/Q23900561,Museum Spakenburg,Bunschoten,http://www.museumspakenburg.nl
http://www.wikidata.org/entity/Q13137168,Museum Sloten,Sloten,http://www.museumsloten.nl
http://www.wikidata.org/entity/Q17190029,Museum Slager,'s-Hertogenbosch,http://www.museumslager.nl
http://www.wikidata.org/entity/Q20962412,Museum Schokland,Noordoostpolder,http://www.museumschokland.nl
http://www.wikidata.org/entity/Q2363643,Museum Valse Kunst,Westerveld,http://www.museums-vledder.nl/
http://www.wikidata.org/entity/Q2324013,"Ottoburch, museum Rijswijk",Rijswijk,http://www.museumrijswijk.nl
http://www.wikidata.org/entity/Q2984779,Museum Oud-Oosterhout,Oosterhout,http://www.museumoudoosterhout.nl
http://www.wikidata.org/entity/Q110906682,Museum 't Oude Slot,,http://www.museumoudeslot.nl
http://www.wikidata.org/entity/Q110990892,Museum het Oude Raadhuis Urk,,http://www.museumopurk.nl
http://www.wikidata.org/entity/Q2783734,Museum Opsterlân,Opsterland,http://www.museumopsterlan.nl/
http://www.wikidata.org/entity/Q56460792,Boerderijmuseum ''De Bovenstreek'',Oldebroek,http://www.museumoldebroek.nl
http://www.wikidata.org/entity/Q2180455,Atlantikwall Museum Noordwijk,Noordwijk,http://www.museumnoordwijk.nl
http://www.wikidata.org/entity/Q47472417,Museum Nijkerk,Nijkerk,http://www.museumnijkerk.nl
http://www.wikidata.org/entity/Q56460942,Museummolen Schermerhorn,Schermerhorn,http://www.museummolen.nl
http://www.wikidata.org/entity/Q7477577,Museum 't Fiskershúske,Dongeradeel,http://www.museummoddergat.nl
http://www.wikidata.org/entity/Q11715588,Museum Martena,Waadhoeke,http://www.museummartena.nl/
http://www.wikidata.org/entity/Q4350196,Museum Kranenburgh,Q9901,http://www.museumkranenburgh.nl
http://www.wikidata.org/entity/Q27949674,Museum Klok en Peel,Asten,http://www.museumklokenpeel.nl/
http://www.wikidata.org/entity/Q56460901,Speelgoedmuseum Kinderwereld Roden,Roden,http://www.museumkinderwereld.nl
http://www.wikidata.org/entity/Q5335918,Museum Joure,,http://www.museumjoure.nl
http://www.wikidata.org/entity/Q3291639,Museum Jan Heestershuis,Meierijstad,http://www.museumjanheestershuis.nl
http://www.wikidata.org/entity/Q2342262,Museum Jan Cunen,Oss,http://www.museumjancunen.nl/
http://www.wikidata.org/entity/Q28058453,mij | museum ijsselstein,IJsselstein,http://www.museumijsselstein.nl
http://www.wikidata.org/entity/Q56459727,Museum Hoeksche Waard,Heinenoord,http://www.museumhw.nl
http://www.wikidata.org/entity/Q2193486,Museum van de Twintigste Eeuw,Hoorn,http://www.museumhoorn.nl
http://www.wikidata.org/entity/Q141355,Museum Hindeloopen,Súdwest-Fryslân,http://www.museumhindeloopen.nl
http://www.wikidata.org/entity/Q2355780,Fotomuseum Hilversum,Hilversum,http://www.museumhilversum.nl
http://www.wikidata.org/entity/Q1127079,Museum Het Valkhof,Nijmegen,http://www.museumhetvalkhof.nl
http://www.wikidata.org/entity/Q56459338,Het Sterkenhuis,Q9901,http://www.museumhetsterkenhuis.nl
http://www.wikidata.org/entity/Q110907395,Archeologisch & Paleontologisch Museum Hertogsgemaal,,http://www.museumhertogsgemaal.nl
http://www.wikidata.org/entity/Q13726962,Historisch Museum Hengelo,Hengelo,http://www.museumhengelo.nl
http://www.wikidata.org/entity/Q2035934,Museumhaven Gouda,Gouda,http://www.museumhavengouda.nl
http://www.wikidata.org/entity/Q4360916,Museum Gouda,Gouda,http://www.museumgouda.nl/
http://www.wikidata.org/entity/Q56459685,Museum Giethoorn 't Olde Maat Uus,Giethoorn,http://www.museumgiethoorn.nl
http://www.wikidata.org/entity/Q6940651,Museum Enschedé,Haarlem,http://www.museumenschede.nl/museum-enschede/112/
http://www.wikidata.org/entity/Q21064115,Museum Engelandvaarders,Noordwijk,http://www.museumengelandvaarders.nl
http://www.wikidata.org/entity/Q2186504,Museum Dorestad,Wijk bij Duurstede,http://www.museumdorestad.nl
http://www.wikidata.org/entity/Q20979832,Museum De Zwarte Tulp,Lisse,http://www.museumdezwartetulp.nl/
http://www.wikidata.org/entity/Q56460772,Museum De Vier Quartieren,Oirschot,http://www.museumdevierquartieren.nl
http://www.wikidata.org/entity/Q56459575,Museum de Scheper,Eibergen,http://www.museumdescheper.nl
http://www.wikidata.org/entity/Q1842735,Museum De Roos,Geertruidenberg,http://www.museumderoos.nl
http://www.wikidata.org/entity/Q56460816,Museum de Pelgrim,Oldenzaal,http://www.museumdepelgrim.nl
http://www.wikidata.org/entity/Q13612139,Museum de Oude Wolden,Westerwolde,http://www.museumdeoudewolden.nl
http://www.wikidata.org/entity/Q13612139,Museum de Oude Wolden,Westerwolde,http://www.museumdeoudewolden.nl
http://www.wikidata.org/entity/Q110907365,Museum De Muts,,http://www.museumdemuts.nl
http://www.wikidata.org/entity/Q103849450,Museum De kantfabriek,Horst aan de Maas,http://www.museumdekantfabriek.nl/
http://www.wikidata.org/entity/Q2436387,Museum de Fundatie,Zwolle,http://www.museumdefundatie.nl/
http://www.wikidata.org/entity/Q667906,De Cruquius,Cruquius,http://www.museumdecruquius.nl
http://www.wikidata.org/entity/Q110907376,Museum De Bewogen Jaren 1939-1950,,http://www.museumdebewogenjaren.nl/
http://www.wikidata.org/entity/Q28321482,Museum Dansant,Hilvarenbeek,http://www.museumdansant.nl/
http://www.wikidata.org/entity/Q19831513,Stedelijk Museum Coevorden,Coevorden,http://www.museumcoevorden.nl
http://www.wikidata.org/entity/Q110907385,Museum 'De Canonye',,http://www.museumcanonije.nl/
http://www.wikidata.org/entity/Q55076504,Visserijmuseum,Sluis,http://www.museumbreskens.nl
http://www.wikidata.org/entity/Q759169,Rijksmuseum Boerhaave,Leiden,http://www.museumboerhaave.nl
http://www.wikidata.org/entity/Q33038080,Museum Arnemuiden,Middelburg,http://www.museumarnemuiden.nl
http://www.wikidata.org/entity/Q56451691,Gemeentelijk Archeologisch Museum,Sluis,http://www.museumaardenburg.eu/
http://www.wikidata.org/entity/Q1634251,Museum aan het Vrijthof,Maastricht,http://www.museumaanhetvrijthof.nl
http://www.wikidata.org/entity/Q2857579,Museum 1940-1945,Dordrecht,http://www.museum19401945.nl/
http://www.wikidata.org/entity/Q28465548,Museum Musica,Stadskanaal,http://www.museum-musica.nl/
http://www.wikidata.org/entity/Q2356434,Museum Maluku,Den Haag,http://www.museum-maluku.nl/
http://www.wikidata.org/entity/Q56459483,Lalique Museum,Doesburg,http://www.musee-lalique.nl
http://www.wikidata.org/entity/Q56423939,Musea Zutphen,Zutphen,http://www.museazutphen.nl
http://www.wikidata.org/entity/Q57592970,Museum Slag bij Heiligerlee,Oldambt,http://www.museaheiligerlee.nl/
http://www.wikidata.org/entity/Q13134395,Museum 't Rieuw,Marum,http://www.museagemeentemarum.nl/welkom-in-t-rieuw/
http://www.wikidata.org/entity/Q13134395,Museum 't Rieuw,Marum,http://www.museagemeentemarum.nl/welkom-in-t-rieuw/
http://www.wikidata.org/entity/Q1954787,Beeld en Geluid Den Haag,Den Haag,http://www.muscom.nl/
http://www.wikidata.org/entity/Q18169482,Multatuli Museum,Amsterdam,http://www.multatuli-museum.nl/home
http://www.wikidata.org/entity/Q113006081,Rijksmuseum Muiderslot,,http://www.muiderslot.nl/
http://www.wikidata.org/entity/Q2561174,Museum of the Image,Breda,http://www.motimuseum.nl
http://www.wikidata.org/entity/Q2776719,De Valk,Leiden,http://www.molenmuseumdevalk.nl/
http://www.wikidata.org/entity/Q3348276,Nationaal Modelspoor Museum,Sneek,http://www.modelspoormuseum.nl
http://www.wikidata.org/entity/Q26832671,Moco Museum,Amsterdam,http://www.mocomuseum.com/
http://www.wikidata.org/entity/Q28956940,Museum Oud Amelisweerd,Bunnik,http://www.moa.nl/
http://www.wikidata.org/entity/Q56461113,Museum Zaanse Tijd,Zaanstad,http://www.mnuurwerk.nl
http://www.wikidata.org/entity/Q22006174,Miramar Zeemuseum,Westerveld,http://www.miramar-zeemuseum.nl
http://www.wikidata.org/entity/Q1934808,Militaire Luchtvaart Museum,Soest,http://www.militaireluchtvaartmuseum.nl
http://www.wikidata.org/entity/Q18169481,Micropia,Amsterdam,http://www.micropia.nl
http://www.wikidata.org/entity/Q110986313,Menkemaborg,,http://www.menkemaborg.nl
http://www.wikidata.org/entity/Q20745706,Marker Museum,Marken,http://www.markermuseum.nl/
http://www.wikidata.org/entity/Q56459699,Marius van Dokkum Museum,Harderwijk,http://www.mariusvandokkummuseum.nl/
http://www.wikidata.org/entity/Q2755458,Maritiem Museum Rotterdam,Rotterdam,http://www.maritiemmuseum.nl/home
http://www.wikidata.org/entity/Q2530385,Mariniersmuseum,Rotterdam,http://www.mariniersmuseum.nl
http://www.wikidata.org/entity/Q3275333,Madame Tussauds Amsterdam,Amsterdam,http://www.madametussauds.com/amsterdam/
http://www.wikidata.org/entity/Q20970911,Museum Maassluis,Maassluis,http://www.maassluismuseum.nl
http://www.wikidata.org/entity/Q2205322,Luther Museum Amsterdam,Amsterdam,http://www.luthermuseum.nl/
http://www.wikidata.org/entity/Q1821169,Literatuurmuseum,Den Haag,http://www.literatuurmuseum.nl
http://www.wikidata.org/entity/Q56461154,Liemers Museum,Zevenaar,http://www.liemersmuseum.nl
http://www.wikidata.org/entity/Q110907339,Leerlooierij Museum Ravenstein,,http://www.leerlooierijravenstein.nl/
http://www.wikidata.org/entity/Q2098586,Museum De Lakenhal,Leiden,http://www.lakenhal.nl/
http://www.wikidata.org/entity/Q26186636,Kunstvereniging Diepenheim,,http://www.kunstvereniging.nl
http://www.wikidata.org/entity/Q1913176,Kunsthal KAdE,Amersfoort,http://www.kunsthalkade.nl
http://www.wikidata.org/entity/Q1668856,Kunsthal Rotterdam,Rotterdam,http://www.kunsthal.nl
http://www.wikidata.org/entity/Q110907382,Museum Kruysenhuis,,http://www.kruysenhuis.nl
http://www.wikidata.org/entity/Q1978798,De Koperen Knop,Hardinxveld-Giessendam,http://www.koperenknop.nl
http://www.wikidata.org/entity/Q50632603,Koninklijke Verzamelingen,Den Haag,http://www.koninklijkeverzamelingen.nl
http://www.wikidata.org/entity/Q110978413,Museum Klooster Ter Apel,,http://www.kloosterterapel.nl
http://www.wikidata.org/entity/Q1345886,Internationaal Klompenmuseum,Eelde,http://www.klompenmuseum.nl/
http://www.wikidata.org/entity/Q2318521,Kinderboekenmuseum,Den Haag,http://www.kinderboekenmuseum.nl
http://www.wikidata.org/entity/Q13743314,Kijk & Luistermuseum,Ede,http://www.kijkenluistermuseum.nl
http://www.wikidata.org/entity/Q17517652,'t Kiekhuus,Weststellingwerf,http://www.kiekhuus.nl
http://www.wikidata.org/entity/Q56461004,Kermis- en Circusmuseum,Steenwijk,http://www.kermisencircusmuseum.nl
http://www.wikidata.org/entity/Q110907375,Dorpsmuseum 'De Kleuskes',,http://www.kekliemt.nl/museum-de-kleuskes
http://www.wikidata.org/entity/Q2530771,Kazemattenmuseum,Kornwerderzand,http://www.kazemattenmuseum.nl
http://www.wikidata.org/entity/Q5462003,Katwijks Museum,Katwijk,http://www.katwijksmuseum.nl
http://www.wikidata.org/entity/Q2916386,KattenKabinet,Amsterdam,http://www.kattenkabinet.nl/
http://www.wikidata.org/entity/Q2202460,Romeinse Katakomben,Valkenburg aan de Geul,http://www.katakomben.nl
http://www.wikidata.org/entity/Q1434449,Fluweelengrot,Valkenburg aan de Geul,http://www.kasteelvalkenburg.nl
http://www.wikidata.org/entity/Q1013565,Kasteel Radboud,Medemblik,http://www.kasteelradboud.nl
http://www.wikidata.org/entity/Q572230,Kasteel Hoensbroek,Heerlen,http://www.kasteelhoensbroek.nl/
http://www.wikidata.org/entity/Q2012221,Kasteel Doornenburg,Lingewaard,http://www.kasteeldoornenburg.nl
http://www.wikidata.org/entity/Q2447969,Kasteel Ammersoyen,Maasdriel,http://www.kasteel-ammersoyen.nl/
http://www.wikidata.org/entity/Q1810629,Kapiteinshuis Pekela,Pekela,http://www.kapiteinshuis.nl
http://www.wikidata.org/entity/Q97961873,Kaasmuseum Bodegraven,Bodegraven-Reeuwijk,http://www.kaasmuseum.org/
http://www.wikidata.org/entity/Q2725746,Hollands Kaasmuseum,Alkmaar,http://www.kaasmuseum.nl/
http://www.wikidata.org/entity/Q19827882,Museum Kaap Skil,Oudeschild,http://www.kaapskil.nl
http://www.wikidata.org/entity/Q2514360,Museum Jan,Amstelveen,http://www.jvdtogt.nl
http://www.wikidata.org/entity/Q2786191,Jopie Huisman Museum,Súdwest-Fryslân,http://www.jopiehuismanmuseum.nl
http://www.wikidata.org/entity/Q1847215,Jheronimus Bosch Art Center,'s-Hertogenbosch,http://www.jheronimusbosch-artcenter.nl/
http://www.wikidata.org/entity/Q13736930,Jenevermuseum,Schiedam,http://www.jenevermuseum.nl
http://www.wikidata.org/entity/Q110907392,Jan Visser Museum,Helmond,http://www.janvisser-museum.nl
http://www.wikidata.org/entity/Q110907453,Heemkundekring Jan Uten Houte,,http://www.janutenhoute.nl/
http://www.wikidata.org/entity/Q110907361,Museum Jan Corver,,http://www.jancorver.org
http://www.wikidata.org/entity/Q2024253,Interart,Bernheze,http://www.interart.nl
http://www.wikidata.org/entity/Q56460926,Industrieel Museum Zeeland,Terneuzen,http://www.industrieelmuseumzeeland.nl
http://www.wikidata.org/entity/Q17609116,In den Halven Maen,Voorne aan Zee,http://www.indenhalvenmaen.nl
http://www.wikidata.org/entity/Q18088203,Ikonenmuseum,Kampen,http://www.ikonenmuseumkampen.nl
http://www.wikidata.org/entity/Q2679819,Hunebedcentrum,Borger,http://www.hunebedcentrum.eu/
http://www.wikidata.org/entity/Q16466081,Huizer Museum Het Schoutenhuis,Huizen,http://www.huizermuseum.nl
http://www.wikidata.org/entity/Q2141968,Huis Marseille,Amsterdam,http://www.huismarseille.nl/en/
http://www.wikidata.org/entity/Q2475164,Historische Tuin Aalsmeer,Aalsmeer,http://www.htaalsmeer.org
http://www.wikidata.org/entity/Q15879541,Museum In 't Houten Huis,Graft-De Rijp,http://www.houtenhuis.nl
http://www.wikidata.org/entity/Q2468128,Hortus botanicus Leiden,Leiden,http://www.hortus.leidenuniv.nl/
http://www.wikidata.org/entity/Q19847424,Hoogovensmuseum,Velsen,http://www.hoogovensmuseum.nl
http://www.wikidata.org/entity/Q2206529,Hollandsche Schouwburg,Amsterdam,http://www.hollandscheschouwburg.nl/en
http://www.wikidata.org/entity/Q110907352,Museum Hoeve Strobol,,http://www.hoevestrobol.nl
http://www.wikidata.org/entity/Q2417946,Historisch Museum Deventer,Deventer,http://www.historischmuseumdeventer.nl/
http://www.wikidata.org/entity/Q15224245,Historisch Museum Den Briel,Voorne aan Zee,http://www.historischmuseumdenbriel.nl
http://www.wikidata.org/entity/Q56460705,Agrarisch Museum Westerhem,Middenbeemster,http://www.historischgenootschapbeemster.nl
http://www.wikidata.org/entity/Q56460724,Betje Wolff Museum,Middenbeemster,http://www.historischgenootschapbeemster.nl
http://www.wikidata.org/entity/Q15876366,Historiehuis Roermond,Roermond,http://www.historiehuis.nl/
http://www.wikidata.org/entity/Q28854754,Academisch Historisch Museum,Leiden,http://www.historie.leidenuniv.nl/historisch-museum/
http://www.wikidata.org/entity/Q56459326,Museum Het Warenhuis - Axel,Terneuzen,http://www.hetwarenhuis.nl
http://www.wikidata.org/entity/Q3049198,Waalres Museum,Waalre,http://www.hetwaalresmuseum.nl
http://www.wikidata.org/entity/Q113759644,Museum Het Schip,Amsterdam,http://www.hetschip.nl/en/
http://www.wikidata.org/entity/Q56459673,Museum Het Pakhuis,Ermelo,http://www.hetpakhuisermelo.nl
http://www.wikidata.org/entity/Q12013217,Noordbrabants Museum,'s-Hertogenbosch,http://www.hetnoordbrabantsmuseum.nl/
http://www.wikidata.org/entity/Q3311591,Natuurhistorisch Museum Rotterdam,Rotterdam,http://www.hetnatuurhistorisch.nl/
http://www.wikidata.org/entity/Q3311591,Natuurhistorisch Museum Rotterdam,Rotterdam,http://www.hetnatuurhistorisch.nl
http://www.wikidata.org/entity/Q2070053,Openluchtmuseum Het Hoogeland,Eemsmond,http://www.hethoogeland.com
http://www.wikidata.org/entity/Q1852145,Hof,Dordrecht,http://www.hethofvannederland.nl
http://www.wikidata.org/entity/Q2574390,Het Grachtenhuis,Amsterdam,http://www.hetgrachtenhuis.nl
http://www.wikidata.org/entity/Q17340038,Dolhuys,Dordrecht,http://www.hetdolhuys.nl
http://www.wikidata.org/entity/Q21004657,Het Depot,Wageningen,http://www.hetdepot.nl/
http://www.wikidata.org/entity/Q71869584,Museum Helmantel,Loppersum,http://www.helmantel.nl/de_weem.html
http://www.wikidata.org/entity/Q2621837,Waag (Oudewater),Oudewater,http://www.heksenwaag.nl
http://www.wikidata.org/entity/Q2087161,Heineken Experience,Amsterdam,http://www.heinekenexperience.com/
http://www.wikidata.org/entity/Q2011870,Museum Heerenveen,Heerenveen,http://www.heerenveenmuseum.nl/
http://www.wikidata.org/entity/Q110907377,Heemkundig Museum Ledevaert,,http://www.heemkundekringchaam.nl
http://www.wikidata.org/entity/Q110907384,Heemkundekring Barthold van Heessel,,http://www.heemkameraarlerixtel.nl/
http://www.wikidata.org/entity/Q23307602,Historische verzameling Grondgebonden Luchtverdediging,Venray,http://www.hcglvd.nl/
http://www.wikidata.org/entity/Q1920457,Havenmuseum,Rotterdam,http://www.havenmuseum.nl/
http://www.wikidata.org/entity/Q3783595,Hash Marihuana & Hemp Museum,Amsterdam,http://www.hashmuseum.com/
http://www.wikidata.org/entity/Q5638718,Haghefilm Foundation,Amsterdam,http://www.haghefilmfoundation.org/
http://www.wikidata.org/entity/Q56459657,Veluws Museum Hagedoorns Plaatse,Epe,http://www.hagedoornsplaatse.nl
http://www.wikidata.org/entity/Q56459860,Haarlemmermeermuseum Historisch Museum,Hoofddorp,http://www.haarlemmermeermuseum.nl
http://www.wikidata.org/entity/Q2341928,Haags Bus Museum,Den Haag,http://www.haagsbusmuseum.nl/
http://www.wikidata.org/entity/Q639909,Grote of Sint-Laurenskerk,Alkmaar,http://www.grotekerk-alkmaar.nl
http://www.wikidata.org/entity/Q1542668,Groninger Museum,Groningen,http://www.groningermuseum.nl
http://www.wikidata.org/entity/Q2882945,GRID Grafisch Museum Groningen,Groningen,http://www.gridgroningen.nl
http://www.wikidata.org/entity/Q110907389,Grafisch museum 'In den groenen zonck',,http://www.grafischmuseumindengroenenzonck.nl
http://www.wikidata.org/entity/Q2783790,Graafs Museum,Grave,http://www.graafsmuseum.nl
http://www.wikidata.org/entity/Q28145622,G. Perlee Draaiorgelmuseum,Amsterdam,http://www.gperlee.com/
http://www.wikidata.org/entity/Q56459493,Streek & Landbouwmuseum Goemanszorg,Dreischor,http://www.goemanszorg.nl
http://www.wikidata.org/entity/Q2153812,Kasteel Verwolde,Lochem,http://www.glk.nl/verwolde
http://www.wikidata.org/entity/Q2047615,Kasteel Rosendael,Rozendaal,http://www.glk.nl/rosendael
http://www.wikidata.org/entity/Q4322946,Kasteel Hernen,Wijchen,http://www.glk.nl/hernen
http://www.wikidata.org/entity/Q680425,Kasteel Doorwerth,Renkum,http://www.glk.nl/doorwerth
http://www.wikidata.org/entity/Q2175336,Kasteel De Cannenburgh,Epe,http://www.glk.nl/cannenburch
http://www.wikidata.org/entity/Q2693553,Huis Zypendaal,Arnhem,http://www.glk.nl/82/locatie/?locatie=14
http://www.wikidata.org/entity/Q110907348,Museum De Kluis,,http://www.ggzoostbrabant.nl/museumdekluis
http://www.wikidata.org/entity/Q111994789,Museum Gevangenpoort,Den Haag,http://www.gevangenpoort.nl/page/english/
http://www.wikidata.org/entity/Q14629603,Gevangenismuseum,Noordenveld,http://www.gevangenismuseum.nl/
http://www.wikidata.org/entity/Q13135821,Geologisch Museum Hofland,Laren,http://www.geologischmuseumhofland.nl
http://www.wikidata.org/entity/Q22572428,GeoFort,Herwijnen,http://www.geofort.nl
http://www.wikidata.org/entity/Q1969635,Geniemuseum,Vught,http://www.geniemuseum.nl
http://www.wikidata.org/entity/Q51173590,KM21,Den Haag,http://www.gem-online.nl
http://www.wikidata.org/entity/Q372829,Geelvinck Hinlopen Huis,Amsterdam,http://www.geelvinckhinlopenhuis.nl/
http://www.wikidata.org/entity/Q1919228,Fruitteeltmuseum,Kapelle,http://www.fruitteeltmuseum.nl
http://www.wikidata.org/entity/Q893334,Fries Scheepvaart Museum,Súdwest-Fryslân,http://www.friesscheepvaartmuseum.nl
http://www.wikidata.org/entity/Q20618174,Fries Landbouwmuseum,Leeuwarden,http://www.frieslandbouwmuseum.nl
http://www.wikidata.org/entity/Q110414392,Museum Landgoed Fraeylemaborg,Slochteren,http://www.fraeylemaborg.nl
http://www.wikidata.org/entity/Q3377562,Fotomuseum Den Haag,Den Haag,http://www.fotomuseumdenhaag.nl
http://www.wikidata.org/entity/Q5422840,Foam Fotografiemuseum Amsterdam,Amsterdam,http://www.foam.org/
http://www.wikidata.org/entity/Q133734238,Flessenscheepjesmuseum,Enkhuizen,http://www.flessenscheepjesmuseum.nl
http://www.wikidata.org/entity/Q4343810,Limburgs Openluchtmuseum Eynderhoof,Nederweert-Eind,http://www.eynderhoof.nl
http://www.wikidata.org/entity/Q1853707,Portugees-Israëlietische Synagoge,Amsterdam,http://www.esnoga.com/
http://www.wikidata.org/entity/Q1871689,Escher in het Paleis,Den Haag,http://www.escherinhetpaleis.nl/
http://www.wikidata.org/entity/Q77574557,Klompenmuseum Sköpke,,http://www.enterserfgoed.nl/musea/klompenmuseum-skopke/
http://www.wikidata.org/entity/Q56452182,Embassy of the Free Mind,Amsterdam,http://www.embassyofthefreemind.com
http://www.wikidata.org/entity/Q28737188,Elsmuseum,Beek,http://www.elsmuseum.nl/
http://www.wikidata.org/entity/Q16647941,Ellert en Brammertmuseum,Coevorden,http://www.ellertenbrammert.nl
http://www.wikidata.org/entity/Q41574019,Electric Ladyland,Amsterdam,http://www.electric-lady-land.com/
http://www.wikidata.org/entity/Q27915944,Streekmuseum Stevensweert/Ohé en Laak,Stevensweert,http://www.eilandindemaas.nl
http://www.wikidata.org/entity/Q110907400,Eicha Museum,,http://www.eichamuseum.nl
http://www.wikidata.org/entity/Q56459526,Edams Museum,Edam-Volendam,http://www.edamsmuseum.nl
http://www.wikidata.org/entity/Q110907407,Edah Museum,,http://www.edahmuseum.nl
http://www.wikidata.org/entity/Q1282056,Ecomare,Texel,http://www.ecomare.nl/
http://www.wikidata.org/entity/Q46919682,Dutch Pinball Museum,Rotterdam,http://www.dutchpinballmuseum.com/
http://www.wikidata.org/entity/Q110907366,Plattelandsmuseum Duinhove,,http://www.duinhove.nl/
http://www.wikidata.org/entity/Q20615906,Duikmuseum,De Friese Meren,http://www.duikmuseum.nl/
http://www.wikidata.org/entity/Q2264792,Drukkerijmuseum,Meppel,http://www.drukkerijmuseum-meppel.nl
http://www.wikidata.org/entity/Q1987875,Museum aan de Maas,Dordrecht,http://www.dordtspatriciershuis.nl
http://www.wikidata.org/entity/Q2874177,Dordrechts Museum,Dordrecht,http://www.dordrechtsmuseum.nl/
http://www.wikidata.org/entity/Q1208561,Diamantmuseum,Amsterdam,http://www.diamantmuseumamsterdam.nl
http://www.wikidata.org/entity/Q3483633,De Wieger,Deurne,http://www.dewieger.nl
http://www.wikidata.org/entity/Q3611008,De Wachter,Tynaarlo,http://www.dewachter.nl/wordpress/
http://www.wikidata.org/entity/Q56460860,Museum 'De Tien Malen',Putten,http://www.detienmalen.nl
http://www.wikidata.org/entity/Q2552619,Waterlandsmuseum de Speeltoren,Monnickendam,http://www.despeeltoren.nl/
http://www.wikidata.org/entity/Q110907362,Natuur Centrum De Specht,,http://www.despechthandel.nl
http://www.wikidata.org/entity/Q7605588,Design Museum Den Bosch,'s-Hertogenbosch,http://www.designmuseum.nl
http://www.wikidata.org/entity/Q110907383,Museum de Sigarenmaker,,http://www.desigarenmaker.nl
http://www.wikidata.org/entity/Q2168681,De Walvisch,Schiedam,http://www.deschiedamsemolens.nl/museummolen/
http://www.wikidata.org/entity/Q13866168,Museum De Pont,Tilburg,http://www.depont.nl/
http://www.wikidata.org/entity/Q2261423,Museum De Paviljoens,Almere,http://www.depaviljoens.nl/
http://www.wikidata.org/entity/Q4928268,De Oude Bakkerij,Medemblik,http://www.deoudebakkerij.com
http://www.wikidata.org/entity/Q2203052,Museumfabriek,Enschede,http://www.demuseumfabriek.nl
http://www.wikidata.org/entity/Q255409,De Mesdag Collectie,Den Haag,http://www.demesdagcollectie.nl
http://www.wikidata.org/entity/Q63510059,Streekmuseum de Meestoof,Tholen,http://www.demeestoof.nl
http://www.wikidata.org/entity/Q63510059,Streekmuseum de Meestoof,Sint-Annaland,http://www.demeestoof.nl
http://www.wikidata.org/entity/Q4400690,De Looierij,Dongen,http://www.delooierij.nl
http://www.wikidata.org/entity/Q2126143,Museum De Locht,Horst aan de Maas,http://www.delocht.nl
http://www.wikidata.org/entity/Q56460914,Feyenoord Museum,Rotterdam,http://www.dekuip.nl/rondleidingen
http://www.wikidata.org/entity/Q1985977,Botanische Tuin De Kruidhof,Buitenpost,http://www.dekruidhof.nl
http://www.wikidata.org/entity/Q2280693,Museum De Koloniehof,Westerveld,http://www.dekoloniehof.nl/
http://www.wikidata.org/entity/Q56460988,Museum De Domijnen,Sittard-Geleen,http://www.dedomijnen.nl/tentoonstellingen
http://www.wikidata.org/entity/Q55108539,Museum De Bastei,Nijmegen,http://www.debastei.nl
http://www.wikidata.org/entity/Q1179733,De Appel,Amsterdam,http://www.deappel.nl
http://www.wikidata.org/entity/Q4488641,DAF Museum,Eindhoven,http://www.dafmuseum.nl
http://www.wikidata.org/entity/Q15874141,Cuypershuis,Roermond,http://www.cuypershuisroermond.nl/
http://www.wikidata.org/entity/Q110907408,Miniaturen- en Poppenhuismuseum Breda,,http://www.cultuurbehoudbreda.nl
http://www.wikidata.org/entity/Q54944120,Cube Design Museum,Kerkrade,http://www.cubedesignmuseum.nl
http://www.wikidata.org/entity/Q15991959,CRASH Luchtoorlog- en Verzetsmuseum '40-'45,Haarlemmermeer,http://www.crash40-45.nl
http://www.wikidata.org/entity/Q7699152,Corrie ten Boomhuis,Haarlem,http://www.corrietenboom.com/
http://www.wikidata.org/entity/Q93466,CORPUS,Oegstgeest,http://www.corpusexperience.nl/
http://www.wikidata.org/entity/Q19461133,Continium Discovery Center,Kerkrade,http://www.continium.nl
http://www.wikidata.org/entity/Q12038997,Comenius Museum,Naarden,http://www.comeniusmuseum.nl/
http://www.wikidata.org/entity/Q1854760,Collectie Brands,Emmen,http://www.collectie-brands.nl
http://www.wikidata.org/entity/Q13447121,CODA Apeldoorn,Apeldoorn,http://www.coda-apeldoorn.nl
http://www.wikidata.org/entity/Q2161858,Cobra Museum voor Moderne Kunst Amstelveen,Amstelveen,http://www.cobra-museum.nl
http://www.wikidata.org/entity/Q2493502,Cavaleriemuseum,Amersfoort,http://www.cavaleriemuseum.nl
http://www.wikidata.org/entity/Q2155602,Bussemakerhuis,Borne,http://www.bussemakerhuis.nl
http://www.wikidata.org/entity/Q15882926,Timmerfabriek,Maastricht,http://www.bureau-europa.nl
http://www.wikidata.org/entity/Q14744170,Stoombierbrouwerij De Keyzer,Maastricht,http://www.brouwerijbosch.nl/
http://www.wikidata.org/entity/Q110907397,Museum 't Brabants Leven,,http://www.brabantsleven.nl
http://www.wikidata.org/entity/Q3283407,Boomkwekerijmuseum,Boskoop,http://www.boomkwekerijmuseum.nl/
http://www.wikidata.org/entity/Q892727,Bonnefantenmuseum,Maastricht,http://www.bonnefanten.nl/de
http://www.wikidata.org/entity/Q110907391,Boerendag Museum De Karkooi,,http://www.boerendagrijsbergen.nl/karkooi/
http://www.wikidata.org/entity/Q2919762,Bijbels Museum,Amsterdam,http://www.bijbelsmuseum.nl/
http://www.wikidata.org/entity/Q2485044,Biesbosch Museum Werkendam,Werkendam,http://www.biesboschmuseumeiland.nl
http://www.wikidata.org/entity/Q2485044,Biesbosch Museum Werkendam,Altena,http://www.biesboschmuseumeiland.nl
http://www.wikidata.org/entity/Q2675491,Bierreclame Museum,Breda,http://www.bierreclamemuseum.nl
http://www.wikidata.org/entity/Q45031161,Nationaal Biermuseum De Boom,Alkmaar,http://www.biermuseum.nl/
http://www.wikidata.org/entity/Q110907402,Museum de Bevrijdende Vleugels,,http://www.bevrijdendevleugels.com
http://www.wikidata.org/entity/Q7476466,Museum 't Behouden Huys,Terschelling,http://www.behouden-huys.nl
http://www.wikidata.org/entity/Q110907398,Breda's Begijnhofmuseum,,http://www.begijnhofbreda.nl/bredas-begijnhofmuseum/
http://www.wikidata.org/entity/Q108290266,Beeldenbos Noord,Amsterdam,http://www.beeldenbosnoord.nl
http://www.wikidata.org/entity/Q477275,Beelden aan Zee,Den Haag,http://www.beeldenaanzee.nl
http://www.wikidata.org/entity/Q13437069,Belasting & Douane Museum,Rotterdam,http://www.bdmuseum.nl
http://www.wikidata.org/entity/Q110907372,Bakkerijmuseum Oosterhout,,http://www.bakkerijmuseumoosterhout.nl/
http://www.wikidata.org/entity/Q13882236,Nederlands Bakkerijmuseum,Gelderland,http://www.bakkerijmuseum.nl
http://www.wikidata.org/entity/Q110907359,Kempisch Bakkerijmuseum 'De Grenswachter',,http://www.bakkerij-museum.nl
http://www.wikidata.org/entity/Q1960748,Nationaal Baggermuseum,Sliedrecht,http://www.baggermuseum.nl/
http://www.wikidata.org/entity/Q791082,Aviodrome,Lelystad,http://www.aviodrome.nl
http://www.wikidata.org/entity/Q713124,Artis,Amsterdam,http://www.artis.nl
http://www.wikidata.org/entity/Q110907351,Indisch Museum Breda,,http://www.arjati.nl
http://www.wikidata.org/entity/Q632646,Archeon,Alphen aan den Rijn,http://www.archeon.nl/engels/home.html
http://www.wikidata.org/entity/Q2654815,Anton Pieck Museum,Hattem,http://www.antonpieckmuseum.nl
http://www.wikidata.org/entity/Q165366,Anne Frank Huis,Amsterdam,http://www.annefrank.org/
http://www.wikidata.org/entity/Q2020907,Amsterdam Tulip Museum,Amsterdam,http://www.amsterdamtulipmuseum.com
http://www.wikidata.org/entity/Q15964404,World of Ajax,Amsterdam,http://www.amsterdamarena.nl/Tours/Tours/Tour/World-of-Ajax-Stadium-Tour.htm
http://www.wikidata.org/entity/Q13137171,Museum Sorgdrager,Ameland,http://www.amelandermusea.nl
http://www.wikidata.org/entity/Q13138176,Landbouw-Juttersmuseum Swartwoude,Buren,http://www.amelandermusea.nl
http://www.wikidata.org/entity/Q56459741,"Maritiem Centrum ""Abraham Fock""",Ameland,http://www.amelandermusea.nl
http://www.wikidata.org/entity/Q2695526,A.M. de Jong-museum,Steenbergen,http://www.amdejongmuseum.nl/
http://www.wikidata.org/entity/Q1244372,Allard Pierson Museum,Amsterdam,http://www.allardpiersonmuseum.nl/
http://www.wikidata.org/entity/Q15302912,Aldfaers Erf,Súdwest-Fryslân,http://www.aldfaerserf.nl
http://www.wikidata.org/entity/Q15961602,Ajax Experience,Amsterdam,http://www.ajaxexperience.nl
http://www.wikidata.org/entity/Q43655709,Aartsbisschoppelijk Museum,Utrecht,http://www.aartsbisschoppelijkmuseum.nl/
http://www.wikidata.org/entity/Q16151477,Wereldbodemmuseum,Wageningen,http://wsm.isric.org/
http://www.wikidata.org/entity/Q2298844,Museum Voorlinden,Wassenaar,http://voorlinden.nl/
http://www.wikidata.org/entity/Q14510918,Universiteitsmuseum Utrecht,Utrecht,http://universiteitsmuseum.nl/
http://www.wikidata.org/entity/Q31435560,UvA Computermuseum,Amsterdam,http://ub.fnwi.uva.nl/computermuseum
http://www.wikidata.org/entity/Q1960924,Museum Paul Tétar van Elven,Delft,http://tetar.nl/
http://www.wikidata.org/entity/Q15882401,Stoomhoutzagerij Nahuis,Oost Gelre,http://stoomzagerij.nl
http://www.wikidata.org/entity/Q2538533,Stoomgemaal Winschoten,Oldambt,http://stoomgemaalwinschoten.nl
http://www.wikidata.org/entity/Q28147228,Stedelijk Museum Breda,Breda,http://stedelijkmuseumbreda.nl/
http://www.wikidata.org/entity/Q281903,Museum Prinsenhof Delft,Delft,http://prinsenhof-delft.nl
http://www.wikidata.org/entity/Q2224691,Persmuseum,Amsterdam,http://persmuseum.nl/
http://www.wikidata.org/entity/Q2370540,Collectie Six,Amsterdam,http://nl.collectiesix.nl/
http://www.wikidata.org/entity/Q1986962,nijntje museum,Utrecht,http://nijntjemuseum.nl/
http://www.wikidata.org/entity/Q2623452,Schoenenkwartier,Waalwijk,http://museumpluswaalwijk.nl/
http://www.wikidata.org/entity/Q40304752,Museum De Waag,Deventer,http://museumdewaag.nl/
http://www.wikidata.org/entity/Q61930724,Museum Bronbeek,Arnhem,http://museumbronbeek.nl/
http://www.wikidata.org/entity/Q1051928,Kröller Müller Museum,Otterlo,http://krollermuller.nl
http://www.wikidata.org/entity/Q1051928,Kröller Müller Museum,Ede,http://krollermuller.nl
http://www.wikidata.org/entity/Q3112892,Haags Openbaar Vervoer Museum,Den Haag,http://hovm.nl
http://www.wikidata.org/entity/Q2267276,Ethnographisch Museum Artis,Amsterdam,http://home.online.nl/rielka.wulff/home.html
http://www.wikidata.org/entity/Q2233016,Pier Pander Museum,Leeuwarden,http://historischcentrumleeuwarden.nl/pier-pander
http://www.wikidata.org/entity/Q56461027,Museum Collectie Krop,Steenwijk,http://hildokrop.nl/
http://www.wikidata.org/entity/Q28920136,Klederdracht Museum Amsterdam,Amsterdam,http://hetklederdrachtmuseum.nl/
http://www.wikidata.org/entity/Q110907341,Boerderijmuseum 'Grutje',,http://grutje.nl/
http://www.wikidata.org/entity/Q814047,Beeldenpark Een Zee van Staal,Wijk aan Zee,http://eenzeevanstaal.nl/
http://www.wikidata.org/entity/Q1258370,Drents Museum,Assen,http://drentsmuseum.nl
http://www.wikidata.org/entity/Q75192507,Circusmuseum,Amsterdam,http://circusmuseum.nl
http://www.wikidata.org/entity/Q28151214,Beatles Museum,Alkmaar,http://beatlesmuseum.nl/
http://www.wikidata.org/entity/Q1820897,Amsterdam Museum,Amsterdam,http://amsterdammuseum.nl/
http://www.wikidata.org/entity/Q13134799,Bezoekerscentrum Uniastate,Leeuwarden,
